,2535
Pakistan,242
United States,98
Australia,80
"London, England",67
India,51
United Kingdom,42
London,41
"England, United Kingdom",41
USA,41
"New York, USA",37
UK,36
"California, USA",24
Punjab Pakistan,24
Canada,23
Ú¾Ø± Ù…Ù„Ú© Ù…Ù„Ú© Ù…Ø§Ø³ØªØŒÙ…Ù„Ú© Ø®Ø¯Ø§ÛŒ Ù…Ø§Ø³Øª,23
Mecca,22
"Melbourne, Victoria",22
"Las Vegas, NV",21
"Melbourne, Australia",21
"Los Angeles, CA",19
"Karachi, Pakistan",19
"Miami, FL",19
"Florida, USA",18
"Mumbai, India",18
California,17
"Rawalpindi, Pakistan",17
"New Delhi, India",17
Earth,17
"Sydney, New South Wales",17
Nigeria,15
"Texas, USA",14
"Pennsylvania, USA",14
"Hyderabad, India",14
France,14
"Illinois, USA",13
Brasilia,13
"Tottenham, London",13
Europe,13
"Scotland, United Kingdom",13
"Lahore, Pakistan",13
"London, UK",13
"Pakpattan, Pakistan",13
"Michigan, USA",12
Abu Dhabi,12
Paris,12
"Paris, France",12
"Seattle, WA",12
Melbourne,11
Ireland,11
Sweden,11
"Washington, DC",11
Global,10
"Islamabad, Pakistan",10
"Punjab, Pakistan",9
A pebble in the universe,9
Malaysia,9
"Bengaluru, India",9
Bangalore,9
"Vancouver, British Columbia",9
Islamabad,9
london,9
"New York, NY",9
"San Francisco, CA",9
"Lagos, Nigeria",9
Los Angeles,9
"Madrid, EspaÃ±a",9
Planet Earth,9
"Leeds, England",8
"Houston, TX",8
Thailand Malaysia Indonesia ,8
"Baltimore, MD",8
"Chicago, IL",8
"Virginia, USA",8
"Missouri, USA",8
"Phoenix, AZ",8
"Portland, OR",8
South Africa,7
Afghanistan,7
"Sydney, Australia",7
 Australia,7
"Oregon, USA",7
"Georgia, USA",7
Mumbai,7
New Delhi,7
Florida,7
Philippines,7
Stockholm,7
"Portsmouth, England",7
"Ohio, USA",7
Worldwide,7
"Washington, D.C.",6
"Cairo, Egypt",6
Texas,6
uk,6
"Arizona, USA",6
England,6
Sydney,6
"Wolverhampton, England",6
New Orleans,6
"Manchester, England",6
Canberra,6
The Netherlands,6
"Pune, India",6
"North Carolina, USA",6
"Toronto, Ontario",6
Maldives,6
Myanmar,6
Indonesia,6
Everywhere,6
Amsterdam,5
Belgium,5
Internet,5
"Tennessee, USA",5
Ø§Ù„Ø´Ø¯Ø§Ø¯ÙŠ,5
Berlin,5
"Boston, MA",5
Chennai,5
"Brussels, Belgium",5
"San Diego, CA",5
"Dubai, United Arab Emirates",5
"Denver, CO",5
Lahore Islamabad Sharjah,5
European Union,5
World,5
"Philadelphia, PA",5
"Arkansas, USA",5
"Victoria, Australia",5
San Francisco,5
"Omaha, NE",5
"New Jersey, USA",5
"GÃ¶teborg, Sverige",5
Bharat,5
"Nashville, TN",5
"Brooklyn, NY",5
"Madrid, Spain",5
NY,5
Chicago,5
Brisbane,5
"Ontario, Canada",5
"Abuja, Nigeria",5
 ,5
"Delhi, India",4
"Colorado, USA",4
"Multan, Pakistan",4
"Cleveland, OH",4
Africa,4
Hyderabad,4
The Earth,4
"New South Wales, Australia",4
"Indiana, USA",4
Delhi,4
"Kampala, Uganda",4
London ,4
"Tampa, FL",4
Japan,4
Oregon,4
Stuttgart / Germany,4
"Washington, USA",4
à¤­à¤¾à¤°à¤¤,4
Switzerland,4
Iowa,4
Las Vegas,4
International,4
"Lewisham, London",4
INDIA,4
New York,4
"Helsinki, Finland",4
"Nottingham, England",4
"Memphis, TN",4
"Columbus, OH",4
"Tucson, AZ",4
"Edinburgh, Scotland",4
"Pinang, Malaysia",4
"Wisconsin, USA",4
"Sunshine Coast, Queensland",4
Nederland,4
http://urbanwronski.com,4
"Atlanta, GA",4
India ,4
Germany,4
Narnia,4
Here,4
æ—¥æœ¬,4
Sverige,4
"Lucknow, India",4
"Nairobi, Kenya",4
"Williamsburg, VA",4
"Sacramento, CA",4
Ø¯ÙˆÙ„Ø© Ø§Ù„Ø§Ù…Ø§Ø±Ø§Øª Ø§Ù„Ø¹Ø±Ø¨ÙŠØ© Ø§Ù„Ù…ØªØ­Ø¯Ø© ,4
Disneyworld,4
"New Brunswick, Canada",4
"Maryland, USA",4
Brussels,4
Seattle,4
"Alabama, USA",4
Eu,4
"South Carolina, USA",4
"Glasgow, Scotland",4
"Massachusetts, USA",3
"London, Ontario",3
"Riverside, CA",3
"Santa Monica, CA",3
Italia,3
"Barcelona, EspaÃ±a",3
"Bengaluru, Karnataka",3
kara,3
"Adelaide, South Australia",3
U.K.,3
"Buffalo, NY",3
Biafra land,3
Derry,3
"Enugu, Nigeria",3
"North West, England",3
Southern California,3
Hollywood. Really.,3
"Oakland, CA",3
El mundo,3
Lahore,3
"Sindh, Pakistan",3
Tasmania and HÃ¤lsingland,3
"Farmington Hills, MI",3
"Pittsburgh, PA",3
"London, United Kingdom",3
Giaia,3
Pakistan ,3
"North East, England",3
The United States of America,3
"MalmÃ¶, Sverige",3
Toulouse,3
Southern hemisphere,3
Pennsylvania,3
"South East, England",3
South Florida,3
Algiers,3
"Queensland, Australia",3
"Peshawar, Pakistan",3
Bunurong Country,3
Zeta Reticuli &Epsilon Eridani,3
Dublin Ireland,3
"Guwahati, India",3
Japan of wonderland,3
Deutschland,3
Edinburgh,3
$an DiEg0 c@ (u$@),3
"Brussel, BelgiÃ«",3
digitalfolklore@protonmail.com,3
swiftie â™¡ pentaholic â˜†,3
Imua Lanikila,3
South East England.,3
everywhere,3
Yorkshire,3
"à¤¨à¤ˆ à¤¦à¤¿à¤²à¥à¤²à¥€, à¤­à¤¾à¤°à¤¤",3
"Liverpool, England",3
"Ashford, New South Wales",3
Pretoria,3
"Adelaide, Australia",3
"Kabul, Afghanistan",3
"Minnesota, USA",3
Quezon City,3
"Johnston, RI",3
Honeymoon Ã£ve.,3
http://www.zyite.com/,3
Vienna,3
Madrid,3
Sheffield,3
"Oxford, England",3
"Stockholm, Sverige",3
"Sydney, NY, The Hague, Mexico",3
Lisbon,3
"Hermosillo, Sonora",3
Philadelphia,3
california ,3
Cape Town,3
"Iowa, USA",3
"Melbourne,  Australia",3
Rotterdam,3
So Cal,3
United States of America,3
Toronto,3
ex-'SatanicMatrix',3
Hell,3
"Brisbane, Queensland",3
"Canberra, Australia",3
Egypt,3
 USA,3
Hong Kong,3
Michigan,3
"30Â°3'29N, 31Â°13'44E",3
Kabul-Afghanistan,3
Atlanta,3
Israel,3
Singapore,3
Peckham,3
FRANCE,3
"Louisiana, USA",3
"Wellington, NZ",3
none of ya business  ,3
my animal crossing world â™¥,3
"South West, England",3
mother earth,2
Bay Area,2
"Phoenix, Arizona",2
Old Trafford,2
"Newcastle, UK",2
Monterrey,2
cali,2
"Hopewell, VA",2
"washington, dc",2
united states of anxiety,2
Washington State,2
"Pakistan, Multan",2
middle of nowhere,2
San Francisco..Earth,2
So NJ#CCOT,2
London & the rest of EU,2
"Atlanta, GA/ Chicago, IL USA",2
"Kolkata, India",2
TÃ¼rkiye,2
Kigali-Rwanda,2
"Dera Ghazi Khan, Pakistan",2
Online ~ Worldwide,2
"Lee's Summit, MO",2
Northampton,2
Wuppertal,2
"Omaha, NE 68144",2
Accra-Ghana,2
Hogwarts,2
ã‚ãªãŸã®èƒƒè¢‹ã¸,2
Eternity,2
The West,2
Jakarta,2
Somewhere on the North Coast ,2
0RCR,2
"Doha, Qatar",2
"Kabul,Afghanistan ",2
Purgatory ,2
"Black Rock, Melbourne",2
"Dhaka, Bangladesh",2
"Scotland, UK",2
Herts,2
" live in River state,",2
Maine,2
Wisconsin,2
"Austin, TX",2
"Coogee, Sydney",2
"Milan, Italy",2
"Kuala Lumpur, Malaysia",2
formerly New England,2
AUSTRALIA,2
"Rhode Island, USA",2
"Malton, England",2
"Sharjah, UAE",2
Far North Coast NSW,2
France ,2
INDIA ğŸ‡®ğŸ‡³ğŸ‡®ğŸ‡³ğŸ‡®ğŸ‡³,2
"Newcastle Upon Tyne, England",2
Look behind you.,2
Mo,2
"Santa Cruz, CA",2
Las Vegas/Los Angeles,2
trondheim,2
"Gold Coast, Qld, Australia",2
 à¤¹à¤¿à¤¨à¥à¤¦à¥‚ à¤°à¤¾à¤·à¥à¤Ÿà¥à¤° à¤­à¤¾à¤°à¤¤ ,2
"Madhya Pradesh, India",2
"Gold Coast, Australia",2
W.A.T.P.,2
Shiraz,2
"Makkah Al Mukarrama, Kingdom o",2
KSA,2
"Greenville, Maine",2
earth,2
mecca is NOT Bacca,2
Beirut,2
"Merseyside, England",2
Lormont,2
"West Midlands, UK",2
"The 'Stow, London",2
FLORIDA,2
"Bangkok, Thailand",2
Germany & France,2
Gaza-Palestine,2
Nigeria ,2
Asia,2
"Parigi, Francia",2
"Beavercreek, OH",2
"Brisbane, Australia",2
G L O B A L .                 ,2
Madrid / Rioja / Washington DC,2
HighRocky News I RT for planet,2
florida,2
ÙˆÙ„Ø³Ù…Ø´Ø±Û Ù…Ø§Ú¼Û,2
Lhore,2
"Gujarat, India",2
Iraq,2
"Pagan Rome, Purgatory",2
McCarthyism,2
Coastal England,2
"West Virginia, USA",2
AZANIA,2
City by the Bay,2
tijuana baja california,2
deutschland,2
"Palm Springs, CA",2
Kenya,2
"Minneapolis, MN",2
"Vancouver, WA",2
In Hell ,2
"Sonoma County, CA",2
"Amsterdam, The Netherlands",2
"Jakarta, Indonesia",2
"Kelowna, British Columbia",2
Dublin,2
North Wales,2
"Noida, India",2
Dubai,2
smaiden@skynews.com.au,2
Bedford,2
Mercia!,2
"Speakers Chair, House of Twits",2
Ludhiana,2
Syria,2
"Lansdowne, Uttrakhand, India",2
"Nebraska, USA",2
New York City,2
"Bronx, NY",2
Argleton,2
Front Porch of Infinity,2
US,2
Italy,2
"Tokyo, Japan",2
Surrey/London,2
"Chennai, India",2
JPN,2
"Islamabad, Pakistan, Mansehra",2
"Nagpur, India",2
"Perth, Western Australia",2
Danmark,2
Mysore Palace Srirangapatnam,2
spain .PMLN .,2
"Naples, FL",2
"Pensacola, FL",2
"Berlin, Deutschland",2
"Beverly Hills, CA",2
"Auckland, New Zealand",2
Aotearoa/New Zealand,2
"Capitol Hill, Denver",2
Westeros,2
"Chandigarh, India",2
In The Wind,2
"Cape Town, South Africa",2
Barbados,2
Space,2
Biafraland,2
Sri Lanka,2
North Norfolk,2
wolverhampton,2
Tokyo,2
"Miami, Florida",2
"Anchorage, AK",2
"Oklahoma, USA",2
Your Sisters Ass,2
Bordeaux,2
Nairobi,2
"Swansea, UK",2
Cyber Domain,2
Virginia,2
Nantes,2
"Kaduna, Nigeria",2
Pennsylvania ,2
United Arab Emirates,2
kolkata,2
close to death ,2
"Berlin, Germany",2
USA/South/OldAcct Diane,2
Auchi,2
"Champlin, MN",2
"Spartanburg, SC",2
"Vancouver, BC",2
"Sugar Land, TX",2
Ø§Ù„Ù…Ù…Ù„ÙƒØ© Ø§Ù„Ø¹Ø±Ø¨ÙŠØ© Ø§Ù„Ø³Ø¹ÙˆØ¯ÙŠØ©,2
"Hebron, NE",2
"Boston, England",2
"Ø§Ø³Ù„Ø§Ù… Ø¢Ø¨Ø§Ø¯, Ù¾Ø§Ú©Ø³ØªØ§Ù†",2
"Kano, Nigeria",2
"Fork Union, VA",2
"Dublin, Ireland",2
"Perth, Scotland",2
BIAFRA LAND,2
Fylde Coast. Lancs England,2
"Alberta, Canada",2
"Milwaukee, WI",2
Europa,2
"Sukkur, Pakistan",2
"Cary, NC",2
Monde,2
"Albuquerque, NM",2
Leaving the EU & joining the World,2
"Eugene, OR",2
UNITED KINGDOM,2
"à¤¸à¥‹à¤²à¤¾à¤ªà¥à¤°, à¤­à¤¾à¤°à¤¤",2
"Richmond, VA",2
"Stoke-on-Trent, England",2
"Pasadena, CA",2
Iran-Tehran,2
Turkey,2
"Aireys Inlet, Australia",2
"Toulouse, France",2
"Rio de Janeiro, Brasil",2
"Manhattan, NY",2
"MalmÃ¶, Sweden",2
Cali,2
Somewhere eating rice,2
Kabul,2
Kekistan,2
The Universe,2
"ÃœT: 33.785596,-84.056729",2
Iowa City // Des Moines,2
"Port Harcourt, Nigeria",2
"Richmond, CA",2
"Manila, Philippines",2
At home,2
ANONVILL,2
Tunisia,2
"Glen Allen, VA",2
Bahrain,2
Far North Queensland,2
Upper Lower Inner West,2
"Katy, TX",2
"Ù„Ø§ÛÙˆØ±, Ù¾Ø§Ú©Ø³ØªØ§Ù†",2
The Kingdom,2
Houston,2
Washington DC,2
Netherlands,2
Colorado,2
Humane Society,2
"Ann Arbor, MI",2
"Carson, CA",2
"Leicester, England",2
The World,2
Biafra,2
liberal hell.,2
Glasgow,2
o,2
Kuwait,2
Covfefe,2
Â¯\_(ãƒ„)_/Â¯,2
"Sausalito, CA",2
"she/her, pan",2
Hindustan,2
Uk,2
"New Hampshire, USA",2
"Greece, EU",2
"Ventura, CA",2
"RSA, KZN",2
"Jammu, Jammu And Kashmir",2
"Long Island, NY",2
Malta,2
"Norco, CA",2
"Vienna, Austria",2
"Roma, Lazio",2
Jalgaon Maharastra India,2
Across the Universe,2
"Pismo Beach, CA",2
"Nakasero, Kampala, Uganda ",2
HÃ¶gsbo,2
Fiji,2
"Cincinnati, OH",2
"Almere, Nederland",2
DC,2
Swamp Bank,2
Wathaurong Country ,2
London and the south coast,2
Riyadh,2
manhattan,2
"Spokane, WA",2
San Francisco Bay Area,2
SF Bay Area,2
Sweden ,2
"Kentucky, USA",2
belgium,2
Honeymoon Avenue,2
Todd Slone,2
delhi,2
"Connecticut, USA",2
"Hamilton, Ontario",2
None of your freakin' business,2
NC,2
"Chula Vista, California",2
"Orlando, FL",2
The Hague,2
Ù¾Ø§Ú©Ø³ØªØ§Ù†,2
Iyke Obodoekwele,2
"Perth, Australia",2
North Sydney,2
italia,2
Central coast,2
Co.Durham,2
Arizona,2
"North Lakhimpur, India",2
Hunting the Snakes ,2
"Melbs, Australia",2
NA,2
"Dublin City, Ireland",2
"Stockton, CA",2
"semarang,jawa tengah indonesia",1
Amerikwa,1
bay areağŸƒ,1
Davao,1
"  631-482-4616   St. James, NY",1
Wherever duty calls,1
MN ,1
FIRE is multi-national,1
Essex,1
"Atlanta, GA. ",1
North Carolina,1
Ak,1
"Sialkot, Pakistan",1
"Oak Ridge, TN",1
"Rossville, IL",1
"Boston, Ventura, TC, Buffalo",1
Shwaik-kuwait - Tel +965 22271,1
"Stevenage, Herts",1
dancin' the revolution,1
louisiana,1
"Kelantan, Malaysia",1
Cattown,1
"Oxfordshire, UK",1
pengennya di Manchester,1
"Frankfurt, Hesse",1
"Andhra Pradesh, India",1
South Africa ,1
Ğ³.Ğ¡ĞºĞ¾Ğ¿ÑŒĞµ,1
UK & PORTUGAL,1
Masjid Û©,1
American (nonSyrian nonMuslim),1
MNL,1
Hertford UK      No lists thank you,1
"Canyon, TX",1
Vadodara,1
"Rochester Hills, Michigan USA",1
"Naga City, Bicol Region",1
New York & London,1
"Temple, TX, USA",1
Warwickshire,1
Grounded,1
bangalore,1
Paderne,1
Russie,1
Canada ğŸ‡¨ğŸ‡¦,1
Bahamas,1
"Baldwin, NY",1
"Frankfurt am Main, Lyon ",1
"NSW, Australia",1
"45.561869,-122.65341",1
the bay â¡ï¸ orangeğŸŠ,1
Central Victoria AUSTRALIA ,1
Forsheda,1
Cape Canaveral,1
"Sultanpur Lodhi, India",1
"ÃœT: 13.089825,80.207475",1
"Plattsburgh, New York",1
West Yorks w/e + London during week,1
In Syria's heart,1
Rabbit Hole,1
"à¤‰à¤œà¥à¤œà¥ˆà¤¨, à¤­à¤¾à¤°à¤¤",1
defence rt *US Gov.prevails,1
Bracknell,1
"West Hollywood, CA",1
paris,1
Gotham City,1
it depends.. :),1
"Albury, Australia",1
Isle Of Wight ,1
"Decatur, GA",1
Toronto ,1
Delaware,1
"Carmichael, CA",1
"Adamstown, Maryland",1
DMV,1
"Durham, NC",1
"Bordeaux, France",1
West Sussex,1
On A Journey Since 95',1
Hannover,1
KNOXVILLE TENNESSEE,1
Malawi,1
Cornell and Syracuse USA,1
aus,1
NoCal,1
Gurgaon,1
+65,1
"Scotland, maybe",1
South Kashmir,1
Toronto.,1
"Media, PA",1
Argentina Chubut Comodoro Riv.,1
"Paris, #France",1
"El Espino, La Chorrera, PanamÃ¡",1
Manila City,1
Chache Da Dhabba ,1
DANS LA VALLEE OOOHO~,1
#Reddest State in the USA,1
's-Gravendeel,1
"Seattle, Cape Town, Earth",1
North Yorkshire,1
Manchester | DC | Globe,1
"Pennsylvania,USA. Dammam,KSA.",1
in your bed ,1
"FR, somewhere in the grey zone",1
"Amsterdam, Nederland",1
switzerland,1
"Hamburg, Deutschland",1
"Athens,GR",1
Ontario,1
greensboro,1
"Kabul,Afghanistan",1
"Lagos,Nigeria",1
  Washington DC,1
"Coachella Valley, California",1
In The Woods of TX,1
SOUTH AFRICA,1
Ù‚Ù… Ø§ÛŒØ±Ø§Ù†,1
313,1
'Merica,1
"Ikeja, Nigeria",1
a creation of the Internet,1
Our Universe,1
Ocean Bluff,1
On The Roof With My Pigeons,1
"Balochistan, Pakistan",1
From: the Andromeda Galaxy,1
"Lytham St. Annes, England",1
New York ,1
beloved earth â™‰ğŸŒ¹,1
MEMPHIS #901  #USAF,1
"Marina del Rey, CA",1
ãƒãƒƒãƒˆã®é—‡ã®ä¸­,1
"Hedon, Kingston upon Hull",1
"Los Angeles, California, USA",1
Malaysia ,1
"La Plata, Argentina",1
Allahabad-Noida-Chennai,1
Mars 13,1
"Sparta, MO",1
"Scottsdale, Arizona",1
Not affiliated to IN-gov,1
âœˆLondonâœˆParisâœˆSt.Petersburgâœˆ,1
"PA/MD, USA",1
"Malaga, Spain",1
Clouds over Clay Co,1
O~Bama Nation,1
20 Ingram Street,1
1Â°16â€²S 36Â°48â€²E,1
"à¤¤à¤¿à¤°à¥à¤µà¤¾ à¤•à¤¨à¥à¤¨à¥Œà¤œ, à¤‰à¤¤à¥à¤¤à¤°à¤ªà¥à¤°à¤¦à¥‡à¤¶",1
"NÃ®mes, Languedoc-Roussillon",1
Swansea Law School,1
"Centre, Cameroon",1
bethany.mota.followsâ™¡,1
califo,1
"Abbotabad, pakista.",1
Boulder,1
globalistÃ¡n,1
ACT,1
"Clifton Park, NY",1
2051 W. Grand Blvd. ,1
"London,United kingdom",1
dehli,1
"Northgate, South Australia",1
Gainsborough/Leeds,1
Keystone State,1
"Colchester, England",1
Where Ever Your Mind Takes You,1
https://waa.ai/dafyddyt,1
Scotland,1
â˜¼Dallasâ˜¼,1
"Laughlin, NV . ABQ NM",1
North India,1
San Antonio,1
perth western australia,1
Northern Michigan,1
always at the beach!,1
Lahore Pakistan,1
"Portland, Oregon, USA",1
"Kota Surabaya, Jawa Timur",1
"Meu perfil coleta as hashtag para leitura , caso nÃ£o concorde desconsidere e delete perfil #OSINT #SOCMINT #SOCIALMEDIA",1
Los Angeles via NYC via Philly,1
Poland,1
Barcelona Spain,1
"West Monroe,LA./Frisco, TX",1
"Mesquite, Texas. USA",1
"Bayern, Deutschland",1
Somewhere in between,1
"Padova, Veneto",1
Swaziland,1
I unfollow back too!,1
Honeymoon AvÃª,1
Yemen,1
"Lombardia, Italia",1
New Zealand,1
UK and EIRE,1
South Australia,1
"Space, The Last Frontier",1
University of Leeds,1
Somewhere Cold ,1
Playing Hockey,1
SINGAPORE,1
#FreshTeam #1Link,1
In my bubble.,1
"Dreieich, Germany",1
"Erlton, NJ",1
"Quezon City, Philippines",1
Here There & everywhere,1
Oldham Lancs UK,1
"Los Gatos, CA",1
New Mexico,1
hull,1
"Port St Lucie, FL",1
Piyara Pakistan,1
s  p  a  c  e  ,1
Martinique,1
Tex-ass,1
Not Found,1
Indonesia - Milano,1
"Exeter, UK.",1
Paris FRANCE EUROPE,1
Moradabad,1
VA,1
"WrocÅ‚aw, Polska",1
"Redondo Beach, USA",1
qld australia,1
"Patna, Bihar",1
"Vancouver, WA  #VanWA",1
Location - still unknown,1
Spin City,1
Bury St. Edmunds,1
"Manitou Springs, CO",1
"Trenton, NJ",1
lark,1
UK & Austria,1
"PiteÃ¥, Sverige",1
So Cal Native ,1
"Connaught, Calgary",1
"Edmonton, Canada",1
lost somewhere,1
"Kerala, India",1
"Kuala Lumpur City, Kuala Lumpu",1
liberal hell,1
Rural South NSW,1
Connecticut,1
"CVN-65, NNPTC, CVN-71",1
"Hyderabad, Pakistan",1
birmingham,1
"Thousand Oaks, CA",1
//3,1
West Cork (the 27th county!),1
Afghanistan-India-USA,1
South Asia,1
Nottingham ,1
UAE /Kd/Abj..,1
"Yorketown, South Australia",1
"Mobile, Alabama USA ",1
south Georgia,1
"norman, ok",1
Scotland Kenya ,1
west yorks uk,1
In the south somewhere,1
"Uppsala, Sverige",1
"Sacred Heart, GT",1
RVA,1
Temecula,1
Hollydale,1
"Cleveland,Ohio",1
256 UG,1
North West UK ğŸ‘,1
BANGALORE,1
"Selangor, Malaysia",1
On the edge... Isolated ,1
"Federal Way, WA",1
"Lyon et Paris, France",1
arianafunclubNo.41,1
"Skelton, England",1
"Lucknow, Uttar Pradesh",1
Trump's America ğŸ˜,1
"Magelang, Jawa Tengah",1
South Texas,1
NEW DELHI,1
Illinois ,1
A State of Slaves.,1
donny pangilinan's,1
"Sunrise Manor, NV",1
Stockholm (fr Kiruna ),1
Mostly Yuin.,1
warlingham,1
FATA,1
Sby/S'pore,1
"73170 [SW OKC, Cleveland Co]",1
"Downtown, Portland",1
"fortaleza, cearÃ¡, brazil",1
At my Secret HQ. ,1
D.C. - Seoul - London,1
"OLD Brooklyn, NY USA",1
Vostok 1,1
bengaluru,1
"Mombasa, Kenya",1
"Portland, Oregon",1
Minot,1
Wherever news breaks (Global),1
"Knoxville, TN",1
"College Station, TX",1
"Milano, Lombardia",1
the big D,1
"In my universe, where I am God",1
"Conshohocken, PA",1
little world,1
"Odessa, FL",1
Jakarta Capital Region,1
"kuala lumpur, malaysia",1
Denmark,1
bellevue washington,1
"Lakewood, OH",1
Manchester and London,1
East Horsley. Surrey,1
"Sheffield, UK",1
Japan.tokyo,1
Down South,1
The United States Of America,1
Idaho,1
"Hudson, OH",1
Southwestern PA,1
"Spring, TX",1
on fb @MyHeartBeats09 likeğŸ‘‡,1
Rust Belt,1
"Highgate, London",1
flyover country-OH!,1
"Sheki, Azerbaijan",1
Texas by Grace,1
lugar de los emparedados ,1
Lodhran,1
Shack-in-Goa,1
BH Family,1
Queensland,1
Karachi,1
"BRASIL, Rio Grande do Sul",1
"Greater Vancouver, British Columbia",1
"Saskatchewan, Canada",1
the worst planet ever,1
Los Angeles Ca,1
"Burien, WA",1
In your parks,1
Dubai U A E,1
www.chukkuvellam.com,1
34Â° 3' 8 N; 118Â° 14' 34 W,1
Sydney ,1
Butchulla country,1
"Ubiquitous - NZ, SIAM & UK",1
cnn,1
In your girls ass!!!!! ,1
"Mississippi, USA",1
lahore,1
Cstat,1
"Frisco, TX",1
Silver Ocean,1
"Daly City, CA",1
Unknown,1
"Madrid, Comunidad de Madrid",1
"Jeddah, Makkah Al Mukarrama",1
multifandom,1
CANADA,1
Karlsruhe,1
U.k,1
Romford Police Station,1
"Stockport, England",1
"Angers, France",1
"#Stamford, CT",1
US MidAtlantic,1
Warren,1
Sugarcube Corner,1
"Valenzuela City, National Capi",1
TBY SHEESH,1
Putting the gand in Uganda ,1
"Cape Coral, FL",1
"Downtown, Memphis",1
"Durham, England",1
"Modinagar, India",1
PNW ,1
Gold Coast,1
Sialkot. OKLAHOMA .USA,1
"Mesa, AZ",1
In my burqa,1
Pa proud,1
handle[at]gmail,1
"White Privilege Town, USA",1
Lahore-Pakistan,1
"Danbury, CT",1
"Wynyard, Tasmania, Australia",1
"South Riding, VA",1
stawell. Victoria. Australia,1
Gold Beach Oregon,1
Democratic Republic of Congo,1
Yre blood z Cheap (IOK) Kulgam,1
NYer in FL,1
"Hanoi, Vietnam",1
Dreaming,1
2017å¹´6æœˆé–‹è¨­,1
On The Moon,1
"Ajax, Ontario",1
UK - International,1
Clackmannan in Scotland,1
Brooklyn ,1
"Stratford, Ontario",1
Hampshire UK,1
"Saint Louis, MO",1
"Yorkshire, England",1
Slightly right of Netanyahu,1
Nambia,1
progressivesarethenewfascists,1
Bakrol - Vadtal Road ,1
Lagos,1
Lake Gardens VIc 3355,1
dead with lexa and moriarty,1
ilorin Nigeria,1
"Gold Coast, Queensland",1
"sanest city in the South, VA",1
Wollongong,1
INFJ - UK,1
Spaceâ€”the stirlo frontier,1
Salt Lake City,1
Manhattan - Nursing School,1
Chingford,1
Serbia,1
"Fort Lauderdale, Fl",1
"Fairview Heights, IL 62208",1
"Whitstable, Caint, Lloegr",1
"In the Upside down, obviously!",1
"Delhi, LA",1
Hollywood Troll (Not Pimp),1
"Augusta, GA ",1
Wonnarua Land,1
"Republic of Texas,Free America",1
Atlanta ,1
N 24Â°47' 0'' / E 67Â°7' 0'',1
not retardville,1
"ÃœT: 41.698515,-88.177745",1
"Saint Paul, Minnesota",1
"ÃœT: 53.391013,-2.224423",1
"Devon, England",1
"Wichita, Kansas",1
Kingdom of Sweden,1
Great Britain,1
Hubli ,1
ç”Ÿå¾’ä¼šå®¤,1
Betul Mp,1
UK ,1
"NASDAQ, NYSE Mkt, OTC",1
https://www.youtube.com/channel/UCE_5mZAdcl0ctduG124y0FA/videos?view_as=subscriber,1
"North East,yorkshire England",1
world wide,1
"Libona, Bukidnon",1
New york fukn city,1
Empangeni,1
Abuja Nigeria,1
Rennes,1
"Auckland , New Zealand",1
timBuk3,1
"Bonsucesso, Rio de Janeiro ",1
St Georges Basin NSW Australia,1
"Adamawa, Nigeria",1
"Rima, Royaume du Maroc",1
LV,1
Birds Nest,1
"Darkinjung Country, Australia",1
LA,1
Phoenix,1
"à¤•à¥‡à¤°à¤², à¤­à¤¾à¤°à¤¤",1
"St. Louis, MO",1
11/16/14 1:22 AM & 06/17/14,1
terrestrial,1
Karachi Sindh.,1
"Vicente LÃ³pez, Argentina",1
"Thiruvananthapuram, Kerala",1
æ±äº¬éƒ½,1
"San Francisco, California",1
Nantes / Paris / Dans l'ombre,1
Jakarta Indonesia,1
"McCalla, Al",1
Rivers  state,1
Hotel Eli âœŒ,1
Nottingham,1
"Sidney, MT",1
"Woodland Hills, CA",1
lah,1
U.K,1
"Kalmar, Sweden",1
global in 226 countries,1
Swaning Around,1
"Jersey, Channel Islands ",1
United States of Faisalabad,1
malang,1
Subang Jaya,1
Babylon,1
isle of wight,1
"South Australia, Australia",1
KCMO / NYC,1
"Tabasco, MÃ©xico",1
Ø¯ÙˆÙ„Ø© Ø§Ù„Ø¥Ù…Ø§Ø±Ø§Øª Ø§Ù„Ø¹Ø±Ø¨ÙŠØ© Ø§Ù„Ù…ØªØ­Ø¯Ø©,1
"Lower Canada, Planet Earth",1
in the woodz,1
Above the Rainbow,1
+62 21 ,1
A small island off Europe,1
Earth.,1
"Haslingden, Lancs",1
"Milton, Fl.",1
Charleston WV,1
#NeverTrump #SaveDACA #AMJoy ,1
Nagpur,1
"Ireland,Mullingar",1
Mis locuras mi mundo,1
"Near Bathurst, New South Wales",1
"Dunedin City, New Zealand",1
"London and Wirral, Britain",1
planet earth,1
#US #HND ,1
Cranendonck,1
"Rustenburg, South Africa",1
earth ,1
Gloucester NSW Australia,1
Queensland Australia,1
"59.723915,17.770075",1
Reality where Trump doesn't go,1
Cairo,1
2â˜†R,1
The Truth,1
"Anywhere, USA",1
The Bay/Mexico City,1
Kaduna,1
Islamabad | Pakistan ,1
"Mernda, Melbourne",1
"Cambridge, UK",1
north east,1
State Of Qatar,1
"England, lancashire",1
"Salt Lake City, Utah",1
ÙÙŠ Ø¯ÙŠØ±Ø©Ù Ø£Ø³ÙŠØ§Ø¯Ù‡Ø§ Ø¢Ù„ Ù†Ù‡ÙŠØ§Ù†,1
mcpocahontasbr â€¢ fifthharmony,1
"Canada, ehğŸ?",1
"Maine, USA",1
"Calella, EspaÃ±a",1
Beaver UT,1
hell,1
Berlin ğŸ‡©ğŸ‡ªğŸ’» via ğŸ‡¦ğŸ‡ºğŸ‡¬ğŸ‡§ ğŸ‡¨ğŸ‡¦ ğŸ‡®ğŸ‡ª,1
"KÃ¸benhavn, Hovedstaden",1
ÙÙ„Ø³Ø·ÙŠÙ†ÙŠØ© ,1
"Bellevue, WA",1
In my mind.,1
keeps changing,1
"31.13348,121.39672",1
I am in my happy place,1
Avengers Headquarters,1
i spam 2 much help,1
 NYC / LA,1
wales,1
"Vincennes, France",1
Norcal,1
"Ludhiana, Punjab",1
wesavesyria.com,1
"Johannesburg, South Africa",1
"Europa, Africa, Paises Arabes",1
"Irving, TX",1
Aix-en-Provence,1
"St.Louis, MO",1
"Ayodhya, India",1
"Gurgaon, Haryana",1
www.facebook.com/jennaleetv,1
"Grimsta, Stockholms LÃ¤n",1
"Wilton, CT",1
Shit Narnia,1
"Miami, QLD Australia",1
i can't even find myself sooo,1
Tripoli -Libya ,1
"Hialeah, FL",1
"11355 ,11225,",1
"Priego de Cordoba, Spain",1
Mentally in New York City,1
MontrÃ©al (QuÃ©bec) Canada,1
"Qld, Australia",1
"Burlington, VT",1
"Yangon, Myanmar",1
Honeymoon ave,1
NS 97066 69098 ,1
Chicago area,1
"Struggleton, AL",1
Brownell,1
London/Saudi/PK,1
"London,Surat, Pune",1
Outside The Wall,1
Singapore ,1
"HyÃ¨res, France",1
lagos,1
Aus,1
å¤§åˆ†çœŒã€€ä¸­æ´¥å¸‚,1
"SD, CA",1
I Wish It Was In Korea,1
"San Francisco Bay Area, CA USA",1
pakistan Mingora swat,1
"Parliament House, Canberra",1
"NÃ¼rnberg, Deutschland",1
"à¤†à¤—à¤°à¤¾, à¤­à¤¾à¤°à¤¤ ",1
Sa Town Boulevard,1
"Bedfordshire, England",1
mult,1
"England, UK",1
"Newfoundland and Labrador, Can",1
"KCCA HQ, Kampala-Uganda",1
"Gawler, South Australia",1
Nowhere,1
"Riyadh,Kingdom of Saudi Arabia",1
"Afghanistan, Kabul ",1
Not-so-great Plains,1
"San Pedro Sula,Honduras ",1
"Carbondale, Illinois",1
Lille ,1
Owerri ,1
Î•Î»Î»Î¬Ï‚,1
"Brisbane, Australia ",1
Scottish Highlands,1
"Belfast, Northern Ireland",1
In your dreams,1
ğŸŒ,1
"Oxford, MS",1
MÃ¡laga,1
Manchester,1
Over Here!,1
"tokyo,Japan",1
"San Antonio, TX",1
dehradun    india,1
"Paris, Europe. Tweets FR/EN/ES",1
"Richmond, VA (& Ketchikan, AK)",1
"Rouen, France",1
My views are entirely my own,1
Manchester ,1
The Big Easy,1
ZA,1
"Fabulous Las Vegas, NV",1
Sunshine State,1
"Hyderabad, Telangana",1
"Siena, Toscana",1
America ,1
Ù„Ù†Ø¯Ù†,1
"France, Europe, Planet, Space",1
"Den Haag, Nederland",1
 South Australia,1
Drifting in the west...,1
"Akron, OH",1
Near Paris,1
"England,France,Spain,gibralter",1
Fighting for FreeSpeech,1
Princeton NJ,1
North,1
Renton WA,1
Seaside Paradise,1
london uk,1
Devon,1
"ParanÃ¡, Brasil",1
"Newport Beach, CA",1
Colombia,1
Lund,1
ØªØ®ØªÙ Ù„Ø§ÛÙˆØ±,1
Hell's Half Acre,1
Reality,1
"Wazirbad, Pakistan",1
Wien,1
La,1
on the road around the world,1
Central Ohio USA,1
"Vancouver, BC Canada",1
SA,1
ç©¢åœŸ yedo,1
Your dreams,1
Whitehall - Kutztown,1
SF,1
USA earth,1
Calstock ,1
Everywhere In Pakistan,1
London(ish) - Leicester ,1
"Indianapolis, IN",1
"Lodi, CA",1
melbourne victoria australia,1
"Krno, Czech Republic",1
Middle AmericağŸ˜‰,1
"Alaska, USA",1
Orpington,1
"Karnataka, India",1
"Beautiful Vancouver, Canada",1
"Worthing, England",1
The Shire,1
Delhi I Azamgarh,1
Kuala Lumpur Federal Territory,1
Winterfell,1
"Homewood,IL",1
HI ğŸŒ´,1
glasgow ,1
"Mumbai, Maharashtra",1
Baile Ãtha Cliath 14,1
"Manchester,UK",1
Santa Monica,1
Paris / JN18BW,1
The Sick Man of Europe - A Failing State,1
Online,1
 UK ,1
Windsor,1
"manchester, england",1
Bad Nauheim,1
Provence,1
WithLove StandingWithIsrael,1
AlgÃ©rie,1
"Oakwood, GA",1
melbs,1
"St. Louis, Missouri",1
Kannauj Up,1
AB CA,1
Ciudad AutÃ³noma de Buenos Aire,1
University of Glasgow,1
IG: thatlovehandle ,1
Jamia Ahmadiyya UK,1
colorado usa,1
"Enfield, London",1
SFO - GVA - KBL,1
Alabama,1
NOLAâœˆï¸Beyond,1
"Jamshedpur, India",1
"Tulsa, Oklahoma",1
"Atlanta, GA.",1
"Oro Valley, AZ",1
belfast,1
"Kendall, FL",1
"Frankfurt, Germany ",1
"Riley, Oregon",1
The Land,1
PLANET EARTH;SOUL IN BODY!,1
"Lawrenceville, GA.",1
Go back to Thailand November.,1
"Bad DÃ¼rrenberg, Deutschland",1
Copenhagen,1
FLORIDA the Drippy Penis state,1
"Annemasse, France",1
"Patonga, New South Wales",1
WorldWide but Milwaukee Born,1
"bali, indonesia
",1
Islamic Republic of Iran,1
"Byculla, Mumbai",1
"Columbus, MS",1
holland,1
REG. SKYWATCHER.,1
"Beijing, China",1
makati,1
in my castle. ,1
GenÃ¨ve ,1
"42.224314,-71.223788",1
Kumasi-Ghana,1
"Nice, France",1
"Hell, MI",1
American Kleptocracy ,1
"Wien, Ã–sterreich",1
"kampala,uganda",1
"Harrogate, NY, UK",1
Lonavala,1
"Olathe, KS",1
"wife of kayla | Devil's Tower, WY, USA",1
"Nanaimo, BC",1
Welsh Borders,1
"London,UK",1
DC~MD~VA #southeastlove,1
Romania,1
St. Petersburg FL.,1
"Pirkanmaa, Suomi",1
Tucson,1
"Cookeville, TN",1
In-between Australia & Hell,1
"Surry Hills, Sydney",1
"Banjarmasin, Indonesia",1
Breizh pointe du Raz,1
"Bangalore, Karnataka",1
"North Shore, MA, USA",1
East Anglia,1
"Your Timeline, KY",1
"Hawaii, USA",1
Cali-girl!,1
Ciudad de MÃ©xico y Tamaulipas,1
 +256 ,1
"Italia,sicilia",1
Iceland,1
Heart of Dixie ,1
"Stamford, Lincolnshire",1
"Cadillac, MI",1
Greetings Earthling..,1
Southern US,1
Not My Fascist President,1
Southern England,1
EK BHARATH SHRESTH BHARATH,1
DC ,1
"Oregon, United States",1
"Calabar, Nigeria",1
"Nigeria, Lagos State",1
"Abu Dhabi, United Arab Emirates",1
Deep Within My Imagination,1
 Somewhere.,1
â™ªâ™«on the road againâ™«â™ª,1
Mitten aus dem Schwanzwald,1
Great White North,1
US Some NYTs RTs are automated,1
Near my beloved Khalifa ,1
Karachi ,1
"One Police Plaza, N.Y. N.Y.",1
Between Kate Bush & Pink Floyd,1
"Oxford, Ohio",1
"Orange County, CA",1
ph | sg,1
"Blue Mountains, New South Wale",1
"Parker, co",1
"Brewster, Ma ",1
THE United States of America ,1
TT 4/5 TV 1/5 NHC 1/4,1
"Cypress, Texas",1
Dubai - Cairo - Kochin- Omaha,1
"Bum Fuck, Egypt",1
Kigali/Rwanda,1
"punjab, india.",1
Shittington,1
Somerset,1
"Stafford, England",1
"Michael St George, Southern UK",1
Catford,1
"Birmingham, England",1
"Wellington, FL",1
non-dating | rp/fl,1
Ramsgate UK,1
Central Florida,1
Johannesburg,1
"Orange County, CA USA",1
victoria/ Melbourne,1
Jos zone ,1
"Caracas, Venezuela",1
DK.,1
"southern Alberta, Canada",1
Sydney AUS.,1
"Des Moines, IA",1
"Sydenham, England",1
"Honiton, Devon",1
citizen of the world of peace ,1
"Bandra West, Mumbai",1
"Mid North Coast, NSW",1
SÃ£o Paulo,1
webster ny ,1
Yo Mommas booty SON,1
"Rochester, NY",1
In Your Mind.,1
Constitutional Republic,1
Uppsala,1
"Rajshahi, Bangladesh",1
Gujranwala Pakistan,1
Ø§Ù„Ù‚Ø·Ø§Ø¹ Ø§Ù„Ù†ÙØ·ÙŠ - The Shire,1
Avalon,1
"Western Australia, Australia",1
fairfax ,1
Eldoret,1
"Owerri, imo state nigeria",1
int.information source,1
void,1
Greater NOIDA ,1
"Camden Town, London",1
Chicago ,1
"Uttendorf im Pinzgau, Austria",1
"Aliamanu, O'ahu, Hawai'i",1
EU,1
"Sedgefield, Co. Durham",1
ATL ,1
Dar es salaam Tanzania,1
Cyber News From Iran,1
Lost in the Twilight hall,1
"Behind the orange curtain, CA",1
Sydney via LA,1
onitsha,1
"Sylvania, GA",1
AriãŒ1ç•ªğŸ‘€ğŸ’­ğŸ’•,1
Philadelphia Area,1
"St Paul, MN",1
"VENTURA, CA",1
"oslo, norway",1
"Salvador, Brasil",1
"Kitchener and Waterloo, Canada",1
Cameroon,1
University of Oxford,1
"Yorkshire and The Humber, England",1
"Outside Melbourne, Australia.",1
honeymoon Ã£ve,1
This Gorgeous Blue Marble ,1
"Woodland Hills, Los Angeles",1
"Troy, NY",1
"QuÃ©bec, Canada",1
"North Salem , New York",1
"Newcastle, New South Wales",1
"Friuli-Venezia Giulia, Italia",1
Cambridge,1
vancouver,1
Brownbackistan,1
venezuela,1
"GA, USA",1
Rotherham,1
adele's recliner,1
All over the place,1
Winston Salem NC,1
"Pompano Beach, FL",1
"Bluffdale, UT",1
Lower Hunter NSW Australia,1
Ø§Ù„Ø¥Ù…Ø§Ø±Ø§Øª Ø§Ù„Ø¹Ø±Ø¨ÙŠØ© Ø§Ù„Ù…ØªØ­Ø¯Ø© UAE ,1
Southeast Asia,1
"Waldorf, MD",1
 Ø§Ù„Ø¥Ù…Ø§Ø±Ø§Øª Ø§Ù„Ø¹Ø±Ø¨ÙŠØ© Ø§Ù„Ù…ØªØ­Ø¯Ø© ,1
Auckland New Zealand,1
Czech Republic,1
"South of Hwy 8, WI",1
United Kingdom/Canada,1
"University, Toronto",1
 WallumedegalÂ country ,1
Carlisle,1
"Huntington Beach, CA",1
"DeraBugtiBaluchistan, Pakistan",1
"Vileparle(W) Mumbai, India :)",1
"Wolfville, Nova Scotia",1
paradise,1
Beloved Pakistan,1
Around My Uterus,1
"Barton, Canberra",1
"Athens, Al 35611",1
"Wilberforce, Ontario, Canada",1
Di langit senja ,1
somewhere near Tucson,1
"VASAI VIRAR , MUMBAI",1
é¦™æ¸¯,1
Australasia ,1
"Oklahoma City, OK",1
"France, Grande Bleue",1
new york city,1
Rome - Italy,1
South India,1
"Silicon Valley, CA + China",1
Barnsley ,1
toronto,1
"Bangalore/Madurai, Bharat",1
"Bellevue, KY",1
"Lakewood, WA",1
"Blackmans Bay, Hobart",1
"Tanah Merah, Queensland",1
"Patna, India",1
"Central, CT",1
à¤­à¤¾à¤°à¤¤à¤µà¤°à¥à¤·,1
Edmonton & Tecumseh ğŸ‡¨ğŸ‡¦,1
Dhahran - Kolkata - Midnapore,1
"West Palm Beach, FL",1
"Olympia, WA",1
Limerick,1
TX,1
America's Left Armpit (NYC),1
"Zamboanga City, Zamboanga Peni",1
"Riyadh, Saudi Arabia",1
Slovenija,1
"Treorchy, Rhondda ",1
"Lucknow, Bhubaneshwar",1
Middle-earth,1
Milpitas CA,1
Dublin!,1
Hollywould'nt,1
"On a boat, Oâ€˜ahu, Hawaiâ€˜i",1
"59.607396,16.692691",1
North east of the shit hole ,1
"MÃ¼nchen, Bayern",1
ğŸ‡µğŸ‡­,1
"Dunfermline, Scotland",1
Texas  ğŸ‡¨ğŸ‡±  ğŸ‡ºğŸ‡¸  ğŸ‡«ğŸ‡®  ğŸ‡©ğŸ‡ª,1
åœ°çƒã®ä¸Š,1
None,1
Shiner Tx,1
The Blue Planet,1
Suomi - Finland,1
London UK,1
Algeria,1
jdb follows,1
"london, europe, the world",1
justin follows,1
ÙƒÙˆÙƒØ¨ Ø§Ù„Ø­Ù…Ù„,1
"DuPage County, IL",1
"Kuranda, Queensland",1
Somewhere.....,1
maryland,1
omw,1
Ebb,1
L.A. Suburb,1
"Belgaum, India",1
"MontrÃ©al, Chamonix, Munich",1
Disque-Monde â›°,1
Por aÃ­ ,1
"Paris, France, EU",1
"Suffolk , Lake Ronkonkoma , NY",1
East/Coast,1
High in the Clouds,1
Bristol or Coly,1
Cryptostate Expect Bitmain ! ,1
Dublin Writers Conference,1
"Bihar, India",1
"Stockholm, Sweden ",1
hollywood ca,1
"Exeter, England",1
Marshall Islands,1
Ø§Ù„ÙƒÙˆÙŠÙ€Ù€Øª,1
DON'T FUCK AROUND TEXAS!!! ,1
"Ahmadabad City, India",1
"à¤‰à¤¤à¥à¤¤à¤°à¤¾à¤‚à¤šà¤², à¤­à¤¾à¤°à¤¤",1
"Rochefort, France",1
"Millers Point, Sydney",1
Central and Northern Michigan,1
Francia,1
UK & USA,1
"GenÃ¨ve, Suisse",1
"Letchworth, England",1
Emerald City,1
"Vapi, India",1
Brunei,1
"The Hague, The Netherlands",1
California Republic,1
Frankfurt Germany,1
Eugene,1
"29/6/15 Dublin, Ireland ğŸ‡®ğŸ‡ª",1
Ø£Ø®Ø¨Ø§Ø± Ø§Ù„Ø¹Ø§Ù„Ù…,1
"Montgomery. Co. Pa., Boca Raton, Fl.     ",1
Northern California,1
Victoria Australia,1
a city near you,1
Classified,1
north,1
los angeles ,1
"Kottayam, Kerala, India",1
"Burque, Baby",1
Magic City Livin',1
Sheffield/York,1
swimming in tea ğŸµ,1
Oui... non.,1
"Covington, KY",1
"In a timeout, probably",1
"Leuven, Brabant, Belgium",1
"Iowa City, IA",1
âœˆï¸,1
"Fitchburg, WI",1
Global Insane Asylum,1
somewhere out there...,1
"Downey, CA",1
Independent Journalist,1
"Savannah, GA",1
Where i need to be,1
en tu corazÃ³n,1
Khairpur,1
Gurugram,1
PH,1
"East Lansing, MI",1
Agra ,1
Somewhere in WA,1
"Rochelle Park, NJ",1
PA,1
The ones interfering in our elections are the dead and the illegal who always vote Democrat!,1
Ø§Ù„Ø§Ù…Ø§Ø±Ø§Øª Ø§Ù„Ø¹Ø±Ø¨ÙŠØ© Ø§Ù„Ù…ØªØ­Ø¯Ø©,1
"Newton Mearns, Glasgow ",1
Broken Hill,1
Republic of Biafra,1
"Boulder, CO",1
Aurora,1
"champaign,urbana",1
Nairobi.,1
Ğ’Ğ¾Ñ€ĞºÑƒÑ‚Ğ° - Welcome to GULAG,1
Indian Occupied Kashmir,1
Squatters Colony Ke Bete,1
The City of The Summer of Love,1
Ukraine,1
Portsmouth,1
London-Dakar ,1
London U.K. ,1
"Hilo, HI",1
Black Chevy Impala ,1
"Jonkoping, Sweden",1
King's Landing! ,1
"Ankara, Turkey, and London",1
"Bay Area, CA",1
midlands,1
"Plumtree, England",1
MIAMI DADE COUNTY ğŸŒ´,1
singapore,1
"Ø±Ø§ÙˆÙ„Ù¾Ù†ÚˆÛŒ, Ù¾Ø§Ú©Ø³ØªØ§Ù†",1
"Spring Lake, NC",1
North Florida ğŸŒ´,1
Fields near Dover,1
WA ,1
NSW,1
"Limerick,Ireland",1
Cheshire UK,1
SC now//Heart in IL,1
"Franklin, TN",1
south west england,1
Coruscant,1
In a sunny place ,1
"Ä°stanbul, TÃ¼rkiye",1
"BollnÃ¤s, Sverige",1
CapeTownPretoriaOsloTelemark,1
"Creve Coeur, MO",1
Ø·Ø±Ø§Ø¨Ù„Ø³ - Ù„ÙŠØ¨ÙŠØ§ ,1
"Ellenbrook, Western Australia",1
There or thereabouts.,1
I m Citizen of the World Ø³Ù‚Ø±Ø§Ø·,1
"Dothan, AL| Huntsville, AL ",1
East yorkshire,1
"Helsingborg, Sverige",1
LONDON,1
Australia a State of Despair,1
Qatar Ù‚Ø·Ø±,1
"Riverside County, CA",1
In your head,1
"Tallahassee, Florida",1
Oxford,1
New Hampshire,1
Islamabad.Pakistan ,1
"Cardiff, Wales",1
Bangkok,1
"New York, NY USA",1
KZN,1
the wild,1
Out hunting plagues.,1
"Banff, Alberta",1
"Castel San Giorgio, Campania",1
"Mons, Belgium",1
"I'm on the train, most likely",1
Brantford ON Canada N3S 1J9,1
Exile,1
The beautiful NW,1
Beautiful British Columbia ,1
Middle England,1
Wellington,1
Finland ,1
"Muscat, Oman",1
London .!!!,1
"San Jose, CA",1
"Chino Hills, CA",1
liverpool,1
Somewhere Over The Ocean,1
"Kimberleys, Western Australia",1
Republic of the Philippines,1
Your ad here,1
"State House, Buea",1
"Baclayon, Central Visayas",1
W'ton / L'pool,1
United kingdom,1
We don't own any content.,1
Southern California Bad Lands,1
"Beverley, England",1
Ohio,1
"Montreal, Canada",1
The Natural State,1
"Breda, The Netherlands",1
"mumbai , maharashtra",1
sweden,1
stockholm sweden,1
EkerÃ¶,1
Justice for all,1
L.A.,1
"Hemsworth, England",1
pilibhit,1
"Rosewood, PA",1
"Goa, India",1
"Leiden, The Netherlands",1
Freedom for my people.,1
St. Petersburg - Some Day,1
"Nakuru,Kenya,East Africa.",1
Tel Aviv,1
"Reading, Berkshire",1
Sialkot punjab,1
The Tardisâœ¨,1
ziam in love ,1
Asheville NC,1
"Dunstable, England",1
"Phoenix, Az ",1
Antarctica,1
Suffolk,1
Between those places,1
Tim Spiers Enthusiast,1
Between Glasgow and Boston,1
WORLD,1
Central Coast Australia,1
"Amsterdam, Netherlands",1
California Gypsy ğŸ˜ğŸŒ´ğŸŒ´,1
Washington D.C.,1
"Folsom, CA",1
NJ U.S.A.,1
Indianapolis,1
"Tallinn, Estonia",1
North Dixie,1
"Ealing, London",1
"Kaduna, Nigeria ",1
Sunny Glasgow,1
Prague,1
Kent,1
BELGIUM ,1
"UK now, used to be US",1
Fife,1
On d mountain,1
Ø§Ù„Ù…Ù…Ù„ÙƒØ© Ø§Ù„Ø¹Ø±Ø¨ÙŠØ© Ø§Ù„Ø³Ø¹ÙˆØ¯ÙŠØ© ,1
from Wen to Fen.,1
Stratford-Upon-Avon,1
Northwest,1
"Sydney, Oz",1
"Hufflepuff, West Side, Austin, Chicago",1
"Victoria, BC",1
Chahuapa,1
"Smyrna, GA",1
Claremore,1
St Helens,1
Laelith,1
"Harare, Zimbabwe",1
Soros' Payroll,1
"Salt Lake City, UT",1
"Meerut, India",1
N E V E R  A L E X   J O N E S,1
texas,1
The Scroll of My Soul,1
Eric Foremanâ€™s Basement,1
Universal,1
"UK, Essex.",1
Costa Del Manchester,1
World (Lisbon & New York City),1
Venezuela,1
NW'LDN,1
"Limoges, Limousin",1
marc@nextinpact.com/@rees.fr ,1
"Waterloo, Ontario",1
Northern Cali,1
"Formerly Known As ""America""",1
ÙˆØ±Ø¯Ø©,1
Willenhall,1
×™×©×¨××œ,1
East Coast ,1
I.O.W.,1
Nags Head NC,1
Somewhere Over The Rainbow,1
"Opp, AL",1
[11/09/14] MÃ‰XICO,1
Living the dream in the PNW,1
"Vacamonte, PanamÃ¡",1
Murica,1
Somewhere in Iowa but My passport is ready to Rock,1
bigshit exclusive,1
"Meadowbrook, IL",1
"Born: IN, Current: PA",1
FRANCE (PARIS) ,1
DWS-Defcon-4,1
"Milan, Lombardy",1
"Philadelphia,Pa",1
Lagos - Owerri - Toronto,1
about 42 n latitude,1
"Italy, Lebanon, Afghanistan",1
Manning Point,1
"GALLE,SRI LANKA",1
"Quetta, Pakistan",1
"Gooseberry Hill, Perth (WA)",1
"Armpit, London, England. ",1
"London ,England",1
"Norwich, CT, USA",1
Melbourne & Regional Victoria,1
Dallas - Darwin - Derby,1
life remains beautiful ,1
The World is my Home,1
"Nashua, NH/ Boston, MA",1
"Kolkata, West Bengal",1
The Greatest Nation on Earth,1
Om Eddonia (Egypt  ğŸ‡ªğŸ‡¬),1
"Middletown, DE",1
Newcastle NSW,1
Pro #Rojava & All #KurdistanâœŒï¸,1
"Scheo-Sar, Deosai",1
Hao Wen â™¡                     ,1
Noosa H'land Sunshine Coast Q,1
Yass,1
"DArkansas, USA",1
"Concrete Jungles, U.S.A.",1
Spakenburg,1
Sial,1
HELL,1
Helsinki,1
greece,1
sw/vic oz,1
Where Happiness Is,1
"Bicester, England",1
Los Angeles & Orange County,1
Ambajoge,1
Hampshire,1
Mitad del Mundo,1
bts,1
"Wollongong, Australia",1
"Madison, NJ",1
Niagara Falls,1
"Chippenham, England",1
Worldwide Inter Family #TWD,1
Odiham,1
fuckboy central,1
1|\| j00R |\|319|-|B0R|-|00D,1
Lahore Pakistan ,1
"House of Lords, UK",1
Afghanistan ,1
Not a paki country,1
SalafÄ«,1
Moultrie GA,1
kinoguitan,1
I love LA,1
Amongst Unicorns & Stardust!,1
"Bonn, Germany",1
Sacramento,1
"bethamcherla,kurnool(dist).",1
Bondi  Australia,1
"Haryana, India",1
"Ryde, Isle of Wight",1
"Tauranga City, New Zealand",1
Numeralla,1
"Burnaby, BC",1
"Citrus Heights, CA",1
Cincinnati,1
Leeds England,1
"South Sacramento, CA",1
pinggir kampung Indonesia,1
"Rome, Italy",1
"Co-Op City, Bronx",1
"Fairfield, CT",1
ExLib supporter ,1
@dangerous woman tourğŸ˜ŠğŸ˜ğŸ’˜ğŸ’“ğŸ’•,1
11/11/16,1
"Gharghoda, Chhattisgarh",1
aaron ,1
New York  -  Jackson Hole,1
"Beijing, China (sometimes UK)",1
manila,1
your dads garage,1
à¸›à¸£à¸°à¹€à¸—à¸¨à¹„à¸—à¸¢ à¹ƒà¸ˆà¸ªà¸±à¹ˆà¸‡à¸¡à¸²2,1
NJ,1
Ulhasnagar,1
"Dallas,Texas",1
"Kishtwar, Jammu And Kashmir",1
"South Yaamba, QLD",1
united states,1
Burbank,1
"Atlantic City, New Jersey",1
"Yorkshire, United Kingdom",1
Vegas,1
NZ,1
inside ur nostrils,1
Parachinar,1
"Feira de Santana, Brasil",1
Southend on Sea,1
Durban,1
VOTE BTS,1
ORANGE N.S.W.,1
Kaliam Awan,1
421 Row P Seat 1 #TookTheCrown,1
"Wales, United Kingdom",1
Gilgit-Baltistan,1
"Central District, Seattle.",1
somewhere in earth,1
Bucharest,1
"Hong Kong, occasionally.",1
"beaver, pa â€¢ bahs '18",1
my forehead ,1
"Merseyside, UK.",1
Cyberia,1
"Lone Jack, MO",1
Manchester. ,1
Best place in the World,1
"Moscow, Russia",1
Noruega,1
Potsdam,1
Berkshire,1
Manassas Virginia,1
"Bangko, Indonesia",1
Fort Lauderdale,1
italy - egypt ,1
BLANC & ECLARE,1
"Prescott, WI",1
In the moonlight,1
"Baden-WÃ¼rttemberg, Germany",1
San Diego,1
"Casterly Rock, Westeros ",1
Alba/Escocia,1
"Washington, DC Metro Area",1
A Barnsley lad.,1
"Weymouth, MA",1
2928,1
"utopia,worldwide",1
Tangerang,1
"Silicon Valley, CA",1
Across the UK,1
At the beach..... #McManusstan,1
"Atlanta, Georgia, USA",1
"Malmo, Sweden",1
"Riverside, CA USA",1
"#Chitral, Pakistan",1
"Edmonton, Alberta, Canada",1
iowa,1
ĞŸÑ€Ğ¸Ğ²ĞµÑ‚,1
ATTIKI -- HELLAS,1
/bin/gh0stsh,1
"New York, New York",1
"Aylesbury, UK",1
Crunky,1
Istanbul,1
"San Jose, California",1
"Sunnyvale, CA",1
"Bhuj, Gujarat",1
Ng,1
United Arab Emirates\Pakistan,1
Streamtime.org,1
"antelope valley, ca",1
Somewhere,1
The deep dark woods,1
"in the woods somewhere, PA, US",1
Cascadia,1
"Warwick, NY",1
"ì„œìš¸, ëŒ€í•œë¯¼êµ­",1
Mombasa,1
"Lambeth, London, England, UK",1
lost asf,1
terra,1
"Concord, CA",1
"Louisville, Kentucky",1
Boring,1
"Entebbe, Uganda",1
andromedagalaxie,1
frankfurt. Germany,1
Zw Millerntor und Roter Flora,1
Western World,1
"Southern California, USA",1
The Southside,1
Royal Victoria/Kennington,1
Kranj - Slovenia,1
Limpomajang - Barru,1
Kisumu,1
"Himachal Pradesh, India",1
3rd Rock From The Sun,1
Negara ketuhanan yang maha esa,1
The West Indies,1
Western Sydney,1
Spain,1
08/019,1
Fairview,1
I want to dance with you..,1
"DeLand,Fl",1
CyberSpace,1
Cairo. Egypt,1
cvhs,1
"Columbus, Georgia",1
  London UK #IAmBritsh ğŸ‡¬ğŸ‡§,1
"Danville, Ca",1
Las Vegas Nevada,1
Melbourne ,1
"Holualoa, HI",1
"Bremerton, WA",1
State of Arizona,1
ĞŸĞ»ĞµĞ²ĞµĞ½,1
all over the place,1
"ÃœT: 3.099457,101.681025",1
"Hollywood, CA",1
Norfolk UK,1
East Yorkshire,1
ag,1
"Northglenn, CO",1
Around.,1
"East Midlands, England",1
Belfast Northern Ireland,1
Byblos Lebanon,1
Lahor,1
"San Francisco, Cali",1
Hojai Assam India,1
"Vineland, NJ",1
"greenville, sc",1
The Astral Realm,1
02051,1
Perth Australia,1
brabant,1
ğŸ’’,1
Melbourne Australia,1
"Surfers Paradise, Gold Coast",1
"Provence-Alpes-CÃ´te d'Azur, France",1
she/her,1
Goldsboro USA,1
"25 North Row, London, W1K 6DJ",1
"Bethesda, MD",1
melbourne ,1
eastern Colorado,1
"District of Columbia, USA",1
sa bahay ni taylor swift,1
southern Western Australia,1
"Comunidad de Madrid, EspaÃ±a",1
"Area 51. Nevada, really.",1
"Andhra Pradesh,Amaravati India",1
"HÃ¥, Norge",1
"Arvada, CO",1
"Tucson, Arizona",1
Panama City,1
"Hell, probly",1
Reading & London,1
"Many Places, USA",1
"Bunbury, Western Australia",1
Locked in a basement,1
TEXAS,1
River City or on the deck @ The Boardwalk. Hope Island   AU,1
Central Coast NSW,1
INDIA (Mumbai),1
Argentina,1
Where I need to be!,1
seattle via nyc and chicago,1
"Haifa, Israel",1
 Ginninderra Creek Canberra Oz,1
"Prague, Czech Republic",1
Nubia,1
"Ahmadabad,Seoni malwa",1
Get a Warrant,1
"Ontario, CA",1
Whakatane District,1
Ol' London Town,1
sky,1
Floating in the Pacific,1
Gaby,1
DC Metro Area,1
"Detroit, MI",1
"Redondo Beach, California",1
Cheltenham UK - Jeddah KSA,1
Pakistan | Dubai ,1
"Albuquerque, New Mexico",1
"Sunderland, England",1
drizzy got the money ,1
"Sunny Lisbon, Portugal",1
Low key,1
North of Portland,1
3rd dimension,1
"Leiden, Zuid-Holland",1
ikorodu lagos,1
Bandis.Stockholm.se,1
HINDUSTAN ,1
"Broken Arrow,Oklahoma,USA",1
South West / Bournemouth,1
Botswana,1
Night Court,1
"Bozeman, MT",1
"Lawton, Ok ",1
At Watchtower ,1
"Siracusa, Sicilia",1
"Kozhikode, India",1
"Chichester, England",1
You can't get there from here,1
Barcelona,1
Kansas City,1
far far away,1
I,1
Bamenda / Buea,1
"Dumfries, Scotland",1
The Internet,1
N 51Â°35' 0'' / E 0Â°12' 0'',1
DUBAI,1
"Falkirk, Scotland",1
Cairo - Dubai - Others ,1
"Somewhere in Suffolk, England",1
Regional Australia,1
Belfast to Brighton,1
Myanmar (Burma),1
"Lahore, Pakistan.",1
#EndTimes ,1
Hollywoodland,1
"Kranj, Slovenija",1
Germany ,1
Namibia,1
Vancouver / Bowen Island,1
Harry's heart,1
"Signal Mountain, TN",1
ğŸ–¤BLACKPOWER & BLACKLOVEONLYğŸ–¤,1
Dreaming on Zion,1
"Kasaragod Dt, India",1
"The Hague, Netherlands",1
"Vila Nova de Gaia, Portugal",1
"Mangaluru, India",1
"iPhone: -14.561521,133.111648",1
"Hackney, London",1
In my tank,1
terre,1
Le Pays du Nord,1
Globally available on Twitter,1
"Palm Beach Gardens, FL",1
 Stuttgart,1
sudan,1
Degrassi,1
"QuerÃ©taro, MÃ©xico ",1
caribbean,1
Stoke-on-Trent,1
Berlin Palestine ....,1
#Northsydneyvotes,1
Nation First,1
757ğŸŒ,1
 London #ZebraFirm ,1
M u s i c  F e s  ï¼¿,1
Mars,1
"Blackpool, England",1
"ABS-CBN, Diliman, Quezon City",1
Europe ,1
nunjya bidness,1
Beograd Novi Beograd,1
Mendes Army,1
"Mumbai,Maharashtra,India",1
"Brixton, London",1
"Argent Dawn, EU",1
verging...,1
"Graymalkin, Earth's Orbit",1
"Unfortunately, Nigeria",1
United Kingdom ğŸ‡¬ğŸ‡§,1
NiterÃ³i Rio de Janeiro Brasil ,1
Nagappattinam Dt,1
Wiltshire,1
"Cali Born & Raised, In Houston",1
Earth Citizen,1
Sonora,1
"Hermanus, South Africa",1
jag Ã¤r gud,1
Replica of Hell on Earth  ,1
"Augusta, GA",1
Michigan USA,1
None of your beeswax,1
 DOHA - LONDONğŸ‡¶ğŸ‡¦ğŸ‡¬ğŸ‡§,1
Durban ,1
DC & VT-2,1
kampala Uganda ,1
"Dubai, UAE & Global Offices",1
à¸›à¸£à¸°à¹€à¸—à¸¨à¹„à¸—à¸¢,1
opinions are mine; RTs â‰  endrs,1
"Sun City, AZ",1
GAZA- PALESTINE ,1
Silicon Valley,1
"Louisville, KY",1
Short Finals,1
Toronto Â· nwestoll@gmail.com,1
"Eskilstuna, Sverige",1
"Morgantown, WV",1
"Seoul, Republic of Korea",1
Gloucester MA,1
Bengaluru (Bangalore),1
"Commiefornia, United States",1
DETROIT,1
The District,1
"Tours, France",1
 Somewhere in Califorina,1
"Alexandria, VA",1
The Usual Delhi-Mumbai Suspect,1
A step inside your mind,1
LAUREN GO SOLO,1
The Throne of Hell,1
"St. John's, NL, Canada",1
None-ya,1
Planet Earth (mostly),1
Hamburgo/BerlÃ­n/Ankh-Morpork,1
None of your damned business,1
â˜¯ï¸,1
"homestead, florida",1
"Karachi , Pakistan",1
"Lancaster, NH",1
TEXAS ,1
saturno,1
"Ø´Ú©Ø± ÚˆÛŒÚ‘Û, Ù¾Ø§Ú©Ø³ØªØ§Ù†",1
Out of the jurisdiction,1
Hydra Moon Base,1
Melbourne australia,1
Mission Viejo California,1
"Jigawa, Nigeria",1
"Paisley, Scotland",1
West Coast ,1
East Yorks,1
Melbourne Australia/UK,1
NPL-AUS,1
"à¤ªà¥à¤£à¥‡, à¤­à¤¾à¤°à¤¤",1
Gl0b4ln3t,1
"Los Angeles, California",1
"in transit, probably",1
Kuala Lumpur ,1
Hiding in the backseat of your car,1
"Poitiers, Poitou-Charentes",1
Maryland,1
Norway,1
"62.4400Â° N, 114.3900Â° W",1
lost angeles & the oc ,1
"Dallas, Tx",1
Our mission is global peace.,1
Kuala Lumpur,1
"Kigali, Rwanda",1
CAPT.DL~342 NORWICH-O~W.P.B~FL,1
Muh Russia,1
chicago,1
Intellectual Brain ,1
"Littoral, Cameroon",1
Orange N.S.W.,1
"HAPPY PLACE, Rainbow",1
Saudi Arabia dammam ,1
in heart,1
the north ,1
"à¨ªà©°à¨œà¨¾à¨¬,India",1
The Greater New York,1
Griffith,1
"San Diego, Ca",1
"Mars, Milky Way",1
rant.,1
"Kassel, Germany",1
Behind my camera,1
"Khobar, Al Sharqiyah",1
Nouvelle CalÃ©donie,1
Oman,1
Port-Harcourt Rivers state ,1
Midgar Sector 7 Slums,1
Osasco,1
I am on Mars.,1
Slough of Despond,1
Proud citizen of the world. ,1
Lost in the Deep South,1
"St Helens, but Wirral really",1
Coastal Zone,1
UAE,1
Paris ~ Lyon,1
agb & ddl â™¡,1
Karachi/faisalabad/lahore/dubai/,1
"Richmond, Virginia ",1
on the earth below the sky,1
Chapmanville,1
Venezia ,1
Kanpur/Mumbai/Bangalore,1
St. Augustine FL,1
birkenhead,1
"Ø¬Ø¯Ø©, Ù…ÙƒØ© Ø§Ù„Ù…ÙƒØ±Ù…Ø©",1
sukk,1
"North Myrtle Beach, SC",1
super deluxe upgrade. missing extra inventory slots and llamas,1
MÃ©xico,1
"LDN, UK",1
Here - There - Everywhere,1
"Nigeria, London",1
Uptown Philly,1
"Marrickville, Sydney",1
Mesopotamia,1
"Lipa City, CalabarzonğŸ—¾",1
America,1
"Belgrade, Republic of Serbia",1
"Dorset, ENGLAND",1
"Overland Park, KS",1
Blue State - We Loathe Trump!,1
"ÃœT: 22.2667587,114.1813926",1
NSW Central Coast,1
"Global, Cairo Egypt",1
"Medford, MA",1
Jakarta & Amsterdam,1
fuck off,1
"Barcelona, Spain",1
Manila,1
nijmegen,1
Dark Space,1
"Petersburg, Va",1
Occupied Central California,1
"melbourne,australia",1
SERBIA,1
SW Michigan,1
"Calcutta, Delhi and Airports",1
NV SkÃ¥ne,1
"Flintstone, GA",1
Liverpool,1
Dominican Republic,1
Beijing,1
"Edinburgh, UK",1
"Wheeling, WV",1
urdta hwa Tara hn. ğŸ‘¼ğŸ‘¼ğŸ‘¼â­ğŸŒŸ,1
Ø§Ù„Ø¥Ù…Ø§Ø±Ø§Øª,1
ÃœT: 35.037248-100.918865,1
The Isle of misfit toys,1
Everywhere you ain't ,1
Republic of Nowheristan,1
"St. Albans, Herts.",1
ari's lil penguins â™¡ ,1
"Bordeaux, FR",1
"Cat City, Borneo ",1
221 Based Street,1
Somewhere near...,1
"Independence, MO",1
"Indianapolis,",1
Breaking The 4th Wall ,1
"Bergen, Norge",1
Pacific Northwest,1
australia  [18+],1
"Parma, Italy",1
Fordingbridge,1
Circling a Dwarf Nebula,1
"Bedford, England",1
"Gauteng, South Africa",1
where the grass is green,1
Scottish Borders,1
"Joshua Tree, CA",1
"California, Usa",1
Steppin with your Uncle.,1
Maine ,1
occupied Wurundjeri country.,1
"Manassas, Virginia",1
Manus Island..Nauru...,1
PAKISTAN,1
"Cincinnati, Ohio",1
Bitter clinger from Western Pa ,1
AV,1
The BEACH inToronto,1
"Silicon Valley, California",1
kanyakumari tamilnadu,1
New York sometimes,1
Northwest ,1
"Hollywood, CA, USA",1
N 52Â°5' 0'' / W 0Â°52' 0'',1
".. SoCal, baby!",1
Bangkok Thailand,1
high up on the M6.,1
Berlin - Hamburg (Germany),1
Barcelona Catelonia,1
UndÇÉ¹ my bed,1
Derry (mostly),1
Herts/London. Now Belfast. ,1
"Hobart, Tasmania",1
"Makhu, IndiağŸ‡®ğŸ‡³",1
Follow as Follow back,1
k,1
"Somerville, MA",1
Ù…ØªØ­Ø¯Û Ù…ÙˆØ±Ø®ÛŒÙ† Ø§Ù…Ø§Ø±Ø§Øª,1
Omaha,1
London Town,1
alien,1
Beacon Hills,1
The Dark Continent,1
Terminal,1
"Ilorin, Nigeria",1
London. Mostly.,1
saga japan,1
"Westchester, NY",1
Honeymoon Ã£ve,1
"Madison, WI",1
 Ø§Ù„Ù…Ù…Ù„ÙƒØ© Ø§Ù„Ø¹Ø±Ø¨ÙŠØ© Ø§Ù„Ø³Ø¹ÙˆØ¯,1
"Ginebra, Suiza",1
surrey,1
SEAâœˆï¸NBO,1
"Zhuzhou, China",1
anywhere,1
#ATX in the #LoneStarState,1
PasayMalibay,1
15-1-  5 ginza tokyo japan,1
Californiaâœˆï¸Arizona,1
"Santa Ana, CA / Turin, Italy",1
"Highland Park, Los Angeles",1
a place on earth ,1
"Scranton, PA",1
Coimbatore ,1
"Stourbridge, West Midlands.",1
Turkiye,1
"City of London, London",1
"Anderson, In",1
White Afghanistan,1
No Fixed Address.,1
Movie Revews: ,1
"Emilia Romagna, Italy",1
merseyside,1
West Jakarta,1
"bloomington, illinois aka ILLI",1
lancaster uk,1
Oakland  âœˆï¸ Atlanta,1
Bryanston,1
"Bay Area, CA/ DMV/ Guam",1
æ„›çŸ¥ é˜¿ä¹…æ¯”ç”º,1
"Toronto, Canada",1
"Foxborough, MA",1
"Nantucket, MA",1
EspaÃ±a,1
"97242 P,N 52632 ",1
"Annecy, France",1
"Sacramento,Ca",1
"Oak Harbor, WA",1
"NorrkÃ¶ping, Sverige",1
Russia,1
San Antonio Tx,1
The Land of the Pure,1
"Belmont, MA",1
Srbija,1
Hobart,1
Nunofurbiznass,1
"Cananea - Hermosillo, Sonora ",1
Phoenix/Sedona,1
Preston,1
Navigue entre deux pÃ´les ,1
vegas,1
"Bruselas, BÃ©lgica",1
"Cairns, Queensland",1
Black. ,1
South Carolina,1
"Carpentersville, IL 60110",1
"St Petersburg, FL",1
"ÃœT: 42.591452,-83.486575",1
Lewes Sussex,1
Dixie,1
"LOS ANGELES, CA ",1
"Hamilton, OH",1
"Lagos, ok am @yah back ",1
so-called Canada,1
Ø§Ù„Ø¨Ù†Ø¯ 7-Ø§Ù„Ø¨Ø­Ø±ÙŠÙ†,1
Normani follows,1
here ,1
Crestview,1
"Stockholm, Schweden",1
Sin City,1
Ù…Ø³Ø§ÙØ± Ø³ÙØ± Ø¬Ø§Ø±ÛŒ Ú¾Û’ ,1
C-137,1
0001 Cemetery Lane / FÃ³lkvangr,1
liban byblos jbeil,1
Straya,1
Citizen of nowhere,1
Basel,1
"Orlando, FL â˜€ï¸",1
Japan Tokyo,1
World Citizen,1
Down the Rabbit Hole,1
Madras,1
"Accrington, England",1
"Halifax, Nova Scotia",1
Country NSW,1
Jogjakarta Indonesia,1
"Blue Drop, Large Red Ocean",1
Southern Hemisphere.,1
Indiana,1
JERSEY!!!,1
"Czar, Alberta",1
"Antwerp, Belgium",1
"Columbus, Ohio",1
the dena of course:) ,1
chti grolandaise ,1
"Neu-Ulm, Germany",1
Cyberjaya Malaysia,1
"Victor Harbor, Sth Australia",1
å¯Œå±±çœŒï¼ˆToyamaï¼‰,1
"Aliso Viejo, CA",1
"Burleson, TX",1
The United States of America ,1
~~No lists!!,1
"North Chicago, IL",1
Mentally living in Canada,1
Living in #TragicallyRedMO ,1
"Ø§Ù„Ø±ÙŠØ§Ø¶, Ø§Ù„Ù…Ù…Ù„ÙƒØ© Ø§Ù„Ø¹Ø±Ø¨ÙŠØ© Ø§Ù„Ø³Ø¹ÙˆØ¯",1
"Gold Coast, Australia for now",1
In a land of secrets,1
KUALA LUMPUR,1
Bajaur Agency,1
Room of requirement,1
The Kingdom of the Zulu,1
Toulouse - France,1
"Karachi, Mansehra, Pakistan",1
Tenerife sea,1
"Salem, VA",1
Phola (witbank),1
Recife,1
jamnagar Gujarat,1
"College, USA",1
"Edmonton, Alberta",1
"British Columbia, Canada",1
"Capelle ad IJssel, Nederland",1
San Siro,1
Negeri Sembilan,1
Czech Republic / Czechia,1
AZ,1
The 'H' of the Hollywood Sign,1
The America's.,1
"new york, ny",1
"Walton on Thames, Surrey, UK",1
ğŸš«List ğŸš«Porn ğŸš«Sales - I ğŸ™…ğŸ» stupid,1
K.S.A,1
"TÃ¤by, Sverige",1
"Kitchener, Ontario",1
shlymrtn,1
"Joyces Creek, Victoria",1
truehunt.wordpress.com,1
Tunisie,1
"Pioneer Valley, MA",1
ENGLAND GREAT BRITAIN,1
 West,1
Ici ou lÃ .,1
"DÃ¤desjÃ¶, Sverige",1
Monica Marinoni - Europea,1
"Close, very close",1
somewhere over the rainbow,1
"Thane, India",1
"Balearic Islands, Spain",1
On the road to glory...!,1
"Grimsby, N E Lincs, England",1
"Soest, Nordrhein-Westfalen",1
Little Rock,1
Earth ,1
california,1
"Gandhinagar,Gujarat,India",1
"Kerry, Ireland",1
bestcityintheworld,1
Mid-Atlantic Region,1
Kashmir,1
Qatar,1
PATLI GALI,1
"Clark County, Nevada",1
Cochin,1
Cambodia,1
"Vale of Glamorgan, Wales, UK ",1
District 13,1
Donate to the EDL here:,1
USA Saving America ,1
"Medine, Ottoman Empire",1
Europian,1
Imaginationland,1
CashApp:Shadleylove,1
"à¤¶à¥à¤°à¥€à¤°à¤¾à¤®à¤ªà¥à¤°, à¤­à¤¾à¤°à¤¤",1
"Tehran, Iran",1
"Zurich, Switzerland",1
"Limerick, Ireland",1
Albuquerque NM,1
Here and there,1
Navi Mumbai,1
UTeM,1
Australia & UAE,1
oxford,1
Abuja,1
on a crappy NJ Transit train ,1
new delhi,1
"Stockholm, Sweden",1
Toronto Canada,1
Longview,1
Cornwall,1
Mountain View College @ Dallas,1
"Orlando, Florida",1
NE OH/ NW PA,1
"Dorset, England",1
"killeen, tx",1
AFGHANISTAN,1
Not Found ,1
Huntington Beach CA,1
Richmond VA,1
Here. Now.,1
Breathing down your timeline.,1
"Albany, Western Australia",1
ain't ur business ,1
stockholm,1
"Crystal, Minnesota",1
"ÃœT: 41.3467438,-81.8566375",1
"Earth, Sol System, Via Lactea",1
â˜†moni â€¢ 23 â€¢ she/her â˜†,1
Leeds/London,1
"Kurdistan, Europe",1
Madrid ,1
"Straya, Cunt",1
æœ€&é«˜,1
"Czechowice-Dziedzice, Polska",1
Deep in 80s movie memories,1
"Luton, England",1
"Midlands, England, United Kingdom",1
Hyedrabad Sindh,1
"Millbrae, CA",1
Lakes Area of Southeast Michigan,1
38.576493Â° 128.382885Â°,1
quett,1
canada,1
Not Melbourne,1
91109,1
"Chandler, AZ",1
"Gaborone, Botswana",1
austin,1
Adelaide,1
N/A,1
"NYC, London, Paris, Hong Kong",1
Chesapeake Virginia,1
I get around.,1
"Delhi, India.",1
"Al Ain, United Arab Emirates",1
"Vetlanda, Sverige",1
"Asia - Australia, India, etc",1
"N'Djamena, Chad",1
"Homestead, FL",1
"Asan-si, Republic of Korea",1
BLUE in a red state,1
Maghreb,1
call - mony ,1
Jammu And Kashmir,1
"Wichita, KS",1
"Sartrouville, France",1
"Gillingham,UK",1
"Brooklyn, NY ",1
Monchique/Algarve,1
Left of Center ,1
E-town,1
Australia ,1
"Dubai ,UAE ",1
USA ,1
Belo Horizonte,1
Uptown,1
Land of Green,1
Northern NSW,1
"Oslo, Norway",1
Ø¯Ù†ÙŠØ§ ,1
north lebanon ,1
Made In Malaysia,1
United State,1
Science & Social Studies Games,1
"Lower Queen Anne, Seattle",1
Goodison Park,1
"Leith, Edinburgh",1
London/Leicester/Dubai,1
Ruling Hell. Duh.,1
In a van down by the river,1
"Evanston, IL",1
SEA,1
Newbury,1
Ibadan- Oyo State - Nigeria.  ,1
Nebraska,1
"Cheshire, England ",1
"Fredericksburg, VA",1
"Plano, TX",1
Rheinisch-Bergischer Kreis,1
#Palestine â¤ RSA #BDS!,1
Australia =),1
"42 Wallaby Way, Sydney, AUS",1
"Croydon, London",1
Sydney Australia,1
Toronto ğŸ‡¨ğŸ‡¦,1
Guam,1
Janet-e-Kashmir,1
"Queensland (BNE), Australia",1
NaÃ¬jÃ­rÃ­yÃ  ,1
à¤®à¤‚à¤—à¤² à¤—à¥à¤°à¤¹à¥€,1
"Turin, Piedmont",1
"Bikaner, India",1
"Burbank, CA",1
Disneyland,1
"VÃ¤sterÃ¥s, Sverige",1
new york,1
Far from your reach ğŸ˜,1
"Charlotte, NC",1
Midwestern U.S.,1
Where I'm belong to,1
"Jacksonville, Fla",1
"New Paris, IN",1
Absolute Territory,1
A holding pattern,1
Ø§Ù„Ø¬Ø²Ø§Ø¦Ø±,1
domino's pizza,1
The Internets,1
Minneapolis/Chicago/The World,1
"Reims, France",1
Longwood University,1
Sevilla,1
London & Paris,1
"Atlantic Beach, NC",1
in the land of K-pop,1
Land of Never-Ending Sunshine,1
Grande-Bretagne,1
sia,1
LAND OF OUR LORD KING OF KINGS,1
Munich,1
Wasseypur,1
"Castelnovo di Sotto, Emilia Romagna",1
Nepal,1
"South Shields, England",1
U.S. (Detroit MI) ,1
Burlingame Ca,1
"Albany, NY",1
"Birmingham, UK",1
Disunited Kingdom,1
Where I'm @,1
El Barrio Nuevo,1
"Lark Lane, Socialist People's Republic of Liverpool",1
"Belfast, Ireland",1
Estonia,1
London United Kingdom,1
Starkville,1
"Denmark, Aarhus",1
"Here, There and Everywhere",1
"Poteau, Oklahoma",1
"Hobart, Tasmania, Australia",1
"Exeter, Ontario",1
faridabad,1
"Seoul, Korea",1
Ø¨Ù„ÙˆÚ†Ø³ØªØ§Ù†ØŒ Ù¾Ø§Ú©Ø³ØªØ§Ù†,1
LAGOS,1
"Aldershot, Hampshire England ",1
"Tacoma, WA",1
Leigh - England,1
"Grand Rapids, MI",1
"Haw River, North Carolina",1
"NYC, U.S.",1
SkÃ¥ne ,1
à¤­à¤¾à¤°à¤¤ à´­à´¾à´°à´¤à´‚ India,1
"Karlstad, Sverige",1
â˜•,1
"Maple Shade, NJ",1
"Forsyth, MO",1
islamabad,1
Land of the Warrior Poets,1
"North Texas, USA",1
"Carlsbad, CA",1
"iphone:-3.744679,-38.538222",1
Republic of California,1
honeymoon Ã£ve.,1
"karachi, pakistan",1
Themiscyra,1
bedğŸ˜´ğŸ’­,1
Women's rights,1
"Merta, India",1
"Living-New Delhi, From-Chandigarh",1
Manchester/Belfast or Ayamonte,1
ecoda TOKYO JAPAN,1
 Eugene Oregon,1
"Saint Paul, MN",1
Boise ID,1
â¤ï¸ ğŸCanadağŸ‡¨ğŸ‡¦ #truenorth,1
"Great Britain, United Kingdom, Sovereign State ğŸ‡¬ğŸ‡§",1
"Paris, Ile-de-France",1
LONDON-UK,1
"Pune, Nagpur - India",1
Where I'm meant to be..,1
"Lisburn, Northern Ireland",1
"bouncing between AK, AZ & HI",1
White House,1
Parts Unknown,1
Srinagar J&K,1
Chelmsford,1
SAAD Computer Systems,1
Nevada,1
"Gold Beach, OR",1
North Texas,1
australia#,1
Somewhere On Planet Earth,1
Ursinus College,1
the angels,1
"Dubai, Delhi, Kolkata",1
"Ø±Ø£Ø³ Ø§Ù„Ø®ÙŠÙ…Ø©, Ø§Ù„Ø§Ù…Ø§Ø±Ø§Øª Ø§Ù„Ø¹Ø±Ø¨ÙŠØ© Ø§Ù„Ù…ØªØ­Ø¯Ø©",1
"Cairo,Egypt",1
Where ever I happen to be,1
ZARIA - NIGERIA,1
North Jersey,1
"Sydney, Down Under",1
Dawgg Pound ,1
92 - London N5 - Morocco ,1
world ,1
united kingdom,1
â¤USA ISRAEL  MILITARY ANIMALS ,1
Skien,1
Not Asking For It,1
"philadelphia, pa",1
503,1
Queen Rebeccas Manager BOOKNOW,1
 World news  Ø£Ø®Ø¨Ø§Ø± Ø§Ù„Ø¹Ø§Ù„Ù…,1
From ON to AB ğŸ‡¨ğŸ‡¦,1
"Vaud, Suisse",1
"Marmora, NJ",1
"a place somewhere, over yonder",1
From Java to Paris,1
"Chicago, USA",1
SinKKKholeğŸ•³Jared'sBackchannel,1
los angeles,1
Pennsylvania & Nashville,1
"castleton, ny",1
typus vel intereo,1
Venus,1
Wherever I lay my hat,1
Mobile/OZARKS,1
"Sevilla, EspaÃ±a",1
"Martinsburg, WV",1
Clovis NM ,1
NÃ¤trabÃ¶le,1
ÙˆØ±Ø¨Ùƒ ÙŠØ®Ù„Ù‚ Ù…Ø§ ÙŠØ´Ø§Ø¡ ÙˆÙŠØ®ØªØ§Ø±,1
this lesbian shit is intense,1
"Ilkley, England",1
eric forman's basement,1
Winter Wonderland,1
Kyogle,1
Greece,1
Middle East ,1
Sweden / Internationalist,1
The radical centre,1
"Valdosta, GA",1
Native Texan & Damn Proud!,1
Southern Ontario (shithole),1
Abroad,1
MalmÃ¶//SÃ¤ffle//Sweden,1
The Void,1
StillNot Al-Andalus(ThanksFSM),1
"Grand Rapids, Mi",1
"Hiroshima,Japan",1
City of London UK,1
"iPhone: 34.088051,-118.356880",1
"Joachimsthal, Deutschland",1
Wiradjuri land,1
I think I'm still in the USA ,1
St. Louis,1
"Fairhope, Alabama",1
"Nowhere Special, Texas, USA",1
"Sragen, Indonesia",1
In Myanmar,1
"Antipolo City, Philippines",1
"Saint Petersburg, FL",1
mangalore,1
Meerut,1
"Palo Alto, California",1
"Mackay, Queensland",1
Narellan Vale NSW Australia,1
"Burnaby, British Columbia",1
Ahmedabad,1
"Bum-fuck nowhere, Finland",1
"Newcastle, NSW",1
"Huddersfield, UK",1
Kuala Lumpur-Islamabad-Dubai,1
TamilEelam à®ˆà®´à®®à¯ - Paris à®ªà®¾à®°à¯€à®¸à¯,1
