,3049
United States,138
"Washington, DC",66
Puerto Rico,63
UK,53
"California, USA",52
USA,50
"Los Angeles, CA",49
"New York, NY",44
"Florida, USA",29
"Texas, USA",28
Canada,28
"Chicago, IL",27
"Nairobi, Kenya",26
"Washington, D.C.",24
New York,24
NYC,20
"Michigan, USA",19
"Philadelphia, PA",18
Earth,18
Plymouth U.K.,18
"San Francisco, CA",17
Australia,17
United Kingdom,17
"London, England",17
"Virginia, USA",16
"New York, USA",16
Los Angeles,16
New York City,15
"New Jersey, USA",15
"Atlanta, GA",14
California,14
"Brooklyn, NY",14
"Houston, TX",14
London,14
Florida,13
"Ohio, USA",13
"Seattle, WA",13
"Boston, MA",13
"Georgia, USA",12
ÿßŸÑÿ±Ÿäÿßÿ∂,11
"Chicago, Lansing, Illinois",11
"Pennsylvania, USA",10
"Oregon, USA",10
"San Diego, CA",10
"Denver, CO",9
Kenya,9
Boston,9
"Alabama, USA",9
"Austin, TX",9
Puerto Rico ,9
US of A,9
"Puerto Rico, USA",8
"Caguas, Puerto Rico",8
"Illinois, USA",8
Venezuela,8
"Tennessee, USA",8
"Minneapolis, MN",8
"North Carolina, USA",8
"Connecticut, USA",8
Chicago,8
Ohio,8
"Toronto, Ontario",8
"Washington, USA",8
"Missouri, USA",8
San Francisco,7
"Kansas, USA",7
"Las Vegas, NV",7
"Miami, FL",7
France,7
"England, United Kingdom",7
India,7
"Columbus, OH",6
"Sydney, New South Wales",6
"Maryland, USA",6
"Carolina, Puerto Rico",6
Global,6
Nairobi,6
America,6
England,6
"Louisville, KY",6
"Portland, OR",6
"Antwerpen, Belgi√´",6
"Orlando, FL",6
"Mayag√ºez, Puerto Rico",6
"Mississippi, USA",6
"Guaynabo, Puerto Rico",6
"Wisconsin, USA",6
"Paris, France",6
"Oakland, CA",6
"Tampa, FL",5
"Massachusetts, USA",5
"Buffalo, NY",5
Oregon,5
"Manhattan, NY",5
Wisconsin,5
"Dublin, GA",5
"Kansas City, MO",5
"Minnesota, USA",5
Texas,5
Ireland,5
Philadelphia,5
"Ontario, Canada",5
"Arkansas, USA",5
Michigan,5
Be responsible to stop lies,5
"New Mexico, USA",5
Seattle,5
"Dallas, TX",5
"South Carolina, USA",5
Massachusetts,5
"San Juan, Puerto Rico",5
Worldwide,5
Planet Earth,5
Indiana,5
"Arizona, USA",5
New Jersey,4
"Phoenix, AZ",4
Washington DC,4
new york,4
-------  Amsterdam --------,4
Georgia,4
"Oklahoma, USA",4
nyc,4
"Mombasa, Kenya",4
"Wales, United Kingdom",4
Colorado,4
"Toa Alta, Puerto Rico",4
Maryland,4
"Staten Island, NY",4
"London, UK",4
"Richmond, VA",4
North Carolina,4
Louisiana,4
"Charlotte, NC",4
Austin,4
"Trujillo Alto, Puerto Rico",4
Singapore,4
"Irvine, CA",4
Southern California,4
Europe,4
"Los Angeles, California",4
Brooklyn,4
Everywhere,4
Toronto,4
DC,4
Florida ,4
"Iowa, USA",4
United States of America,4
Las Vegas,3
"Santa Barbara, CA",3
"Erie, PA",3
"Mumbai, India",3
"Dallas, Texas",3
"Alaska, USA",3
your mom's cooch,3
Trinidad and Tobago,3
North America,3
A2-Michigan #GoBlue!,3
"Raleigh, NC",3
Jersey,3
Republic of the Philippines,3
"Louisiana, USA",3
"Corpus Christi, TX",3
lowestoft,3
Pittsburgh,3
Isla del Encanto,3
New Zealand,3
"Chicago, Illinois",3
"Durban, South Africa",3
South of the Mason-Dixon!,3
East Coast,3
"Munich, Bavaria",3
"Milwaukee, WI",3
"Lynn, MA",3
Boston/Worcester Ma.,3
"Ponce, Puerto Rico",3
Arizona,3
"Victoria, Australia",3
Barcelona,3
"Detroit, MI",3
earth,3
"Indianapolis, IN",3
"Miami, Florida",3
Virginia,3
"Pittsburgh, PA",3
Germany,3
"Sydney, Australia",3
"San Antonio, TX",3
South Carolina,3
"Hollywood, California",3
South Africa,3
"New Hampshire, USA",3
"Tours, France",3
Thailand Malaysia Indonesia ,3
"Long Beach, CA",3
Bruxelles,3
"Dubai, United Arab Emirates",3
Pennsylvania,3
"Queens, NY",3
San Francisco Bay Area,3
"Bronx, NY",3
NY,3
ATL,3
New Jerusalem,3
"Tucson, AZ",3
"Ottawa, Ontario",3
TX,3
"Colorado, USA",3
"New York, New York",3
Nowhere,3
"Indiana, USA",3
U.S.A.,3
"Asheville, NC",3
Here,3
"Dorado, Puerto Rico",2
Puertorro ,2
MN,2
Threema AJWW9FTN,2
IamaDragonwereibiswereilive,2
Good PLACE U. S. A.,2
Italia Seregno,2
The Internets,2
"Yauco, Puerto Rico",2
Nevaeh Sh√©ree Dotson,2
Maine,2
Bay Area ,2
"Bowmanville, On, Canada",2
"Manat√≠, Puerto Rico",2
"Johannesburg, South Africa",2
"Fresno, CA",2
"San Juan, PR",2
usa,2
Everywhere.,2
somewhere,2
"Ile-de-France, France",2
UK GOD'S COUNTRY BELFAST.,2
"Southampton, England",2
Northern California ,2
At the bottom of a bottle of Scotch,2
DFW area,2
"Sarasota, FL",2
japan,2
Living in sunny Arizona,2
"Eugene, OR",2
Minneapolis Minnesota,2
Brian Stelfreeze header art,2
"Arlington, TX",2
"Cacolina, Puerto Rico",2
"Centennial Hills, Las Vegas NV",2
Washington DC üåãüá∫üá∏üåéüåÄüíµüá∞üá∑,2
Everywhere Trump is,2
Houston,2
"Cape Town, South Africa",2
Washington State,2
Philippines,2
South America & World,2
100 % resistencia,2
Nairobi kenya,2
"Brisbane, Queensland",2
"North Dakota, USA",2
"East Coast, United States",2
Paris,2
san diego,2
multifandom,2
Miami,2
Mumbai,2
Far away,2
"Vancouver, WA",2
"Delaware, USA",2
Calgary,2
Upstate NY,2
"Daytona Beach, FL",2
"Dublin City, Ireland",2
"Adelaide, South Australia",2
"Denton, TX",2
london,2
"New Orleans, LA",2
"Glasgow, Scotland",2
worldwide,2
"Kentucky, USA",2
Netherlands,2
"Brighton, England",2
"Melbourne, Victoria",2
"Rochester, NY",2
"Melbourne, Australia",2
Nationwide,2
"Trapped in #rumpland, Help!",2
"Otranto(Le),Italy , Dagana,N.S",2
"Berlin, Germany",2
Cali,2
"‚òëÔ∏è Bradenton, Florida",2
"Powder Springs, GA",2
"Roanoke, VA",2
"Nashville, TN",2
"Jakarta, Indonesia",2
Invisible,2
üáµüá∑,2
Western Australia,2
"Newport Beach, CA",2
Square state,2
"State College, PA",2
"Seattle Area, WA",2
"The Woodlands, TX",2
Delaware,2
"Mesa, AZ",2
Midwest,2
"üíï üíñNew York City, NY üíóüíã",2
paradise,2
"Duluth, MN",2
Den Haag,2
"Nairobi,Kenya",2
"Knoxville, TN",2
"Scottsdale, AZ",2
"San Jose, CA",2
"Chapel Hill, NC",2
"Oklahoma City, OK",2
Nowhere and Everywhere,2
Malaysia,2
Northern California,2
Auckland,2
"Flint, MI",2
UPRM,2
"Athens, OH",2
"West Palm Beach, FL",2
ÿßŸÑÿ≥ÿπŸàÿØŸäÿ© /ÿßŸÑÿ±Ÿäÿßÿ∂,2
City of Stars,2
New Orleans,2
United States of this world,2
", USA",2
Berlin,2
PA,2
üåéüåçüåè,2
"Austin, Texas",2
"Barcelona, Spain",2
U.K.,2
Sydney,2
"Stevenson, WA",2
 Puerto Rico ,2
"Edinburgh, Scotland",2
#ThisIsNotNormal #NoDictatorship #Resistance ,2
Clearwater FL,2
"Riverside, CA",2
"South West, England",2
"Oslo, Norway",2
"Fairwood, WA",2
Philly,2
"Wellington, NZ",2
South Florida,2
London Canada,2
EAST ATL ZONE 6,2
"British Columbia, Canada",2
"Simi Valley, CA",2
Northeast,2
Ahmedabad,2
Glasgow,2
"Toronto, Canada",2
In the sky,2
"Cleveland, Ohio",2
Atlanta,2
USA üá∫üá∏,2
"Concord, CA",2
"New Delhi, India",2
"Montana, USA",2
"Bozeman, MT, USA",2
kenya,2
"Rhode Island, USA",2
"Beirut, Lebanon",2
"Rancho Cucamonga, CA",2
"Otisville, MI",2
Parts Unknown,2
International,2
"Cambridge, MA",2
US‚ÄîAmerica,2
"Bridgeport, Texas",2
US,2
Melbourne Australia,2
Sweden,2
West Texas,2
The Earth,2
Philly Burbs,2
Geneva,2
üá∫üá∏üá´üá∑üá¨üáß,2
"Louisville, Ky",2
üá∫üá∏,2
"Silver Spring, MD",2
"Bangkok, Thailand",2
Washington state,2
Guam,2
San Diego,2
Nigeria,2
"Orange County, CA",2
Liverpool,2
Brasil,2
"Wien, √ñsterreich",2
"Madison, Wisconsin",2
Phoenix,2
Melbourne,2
"Bay Area, California",2
"Tallahassee, FL",2
"San Francisco Bay Area, USA",2
"Myrtle Beach, SC",2
"Madison, WI",2
NJ,2
#NoMAGAtardsland aka #Chicago,2
Chile,2
"Ventura, CA",2
Mombasa,2
"Lexington, KY",2
Durban,2
Missouri,2
Illinois,2
Gilded Cage,2
"Baltimore, MD",2
"Anaheim, CA",2
"Bayam√≥n, Puerto Rico",2
"Eldoret, Kenya",2
Pacific Northwest,2
"Plymouth, MA",2
"Virginia Beach, VA",2
"Edmonton, Alberta",2
World Citizen,2
"Fayetteville, NC",2
INSIDE OF YOU üòà,2
The World,2
New Delhi,2
Halloweentown,2
Austin TX,2
united states,2
"Dhaka, Bangladesh",2
"Eastern District, Hong Kong",2
"IA, USA",2
"Memphis, TN",2
La Iupi,1
"Lodge Real Estate, Flagstaff",1
"West, P.R",1
Liverpool England United Kingdom,1
"Arusha, Tanzania",1
"Puyallup, WA.",1
"NYC, London, Paris, Hong Kong",1
"Lima, Peru",1
"Joliet, IL, USA",1
S. Florida,1
Across the St. from the BANK,1
"Nantes, Munich",1
"Gum Stump, PA",1
"South Windsor, CT",1
"Umgababa,Durban,South Africa",1
98118,1
MD,1
"Norman, OK",1
Death Star,1
"Jackson, Miss.",1
STREETPLAYA,1
BAE AREA,1
"Harrisburg,PA",1
gay asf ,1
Street Execs / T.R.U.,1
tennessee,1
"Wisconsin, US",1
STL then. CHI now. NYC later.,1
halloween town,1
"Wisconsin, United States",1
"Lake Mary, Florida",1
"Kendu Bay,Kenya",1
somewhereintheworldnearyou,1
Around Nassau Town,1
"san diego,ca",1
onmylonelyüëë,1
A series of tubes.,1
"kisumu,Kenya",1
Some place around Lincolnshire,1
"Riverdale, GA",1
MOMBASA KENYA,1
puertorro,1
"√úT: 36.113451,-115.173098",1
The Harsh Soils Of Africa,1
Godric's Hollow,1
ny | nola ,1
"Swag City, RI",1
UK AU USA  FR,1
"Ponce, USA",1
New York City area,1
melbourne,1
"Coventry, England",1
"Los Navalmorales, Espa√±a",1
"Decatur, GA",1
"√úT: 45.324184,-75.673548",1
Travis Bickle's Graveside,1
"Beverly Hills, CA",1
Tucson Arizona,1
"Fort Worth, Texas",1
pink skies,1
"Lodwar, Kenya",1
"Santa Ana, CA",1
Jakarta Raya,1
"Aguas Buenas, Puerto Rico",1
Dallas TX,1
NJ‚ñ∂Ô∏èUMD‚ñ∂Ô∏èDC,1
"Lagos, Nigeria",1
"Dublin, Irlande",1
South AfricaüíØ,1
100x35,1
Fourth.,1
"Sacramento, CA",1
Mississippi Gulf Coast,1
NW of LA,1
"Red state, Blue soul.",1
"Davenport, Florida",1
"Wanderer, Nairobi ",1
renfrewshire,1
I write things for money,1
L.A. girl living in Chicago,1
Aberdeen,1
"Little Axe, Oklahoma, USA",1
D' ,1
"Essex, New York 12936",1
"Hamilton, OH",1
Marquette University,1
"Swansea, South Wales ",1
5th Circle Of Hell (Anger),1
Puerto Rico/New York,1
"Sierra Vista, AZ",1
"Busia, Kenya",1
"Victoria, TX",1
"OKLAHOMA, UNITED STATES",1
Deep South,1
Icon ,1
Aqu√≠ y all√°,1
"Mali Zvornik, Srbija",1
"la cocina... mad, al",1
127.0.0.1 (Yorkshire),1
http://www.zyite.com/,1
‡•ê ‚úàÔ∏è NYC ‚úàÔ∏è El Caribe ‚úàÔ∏è Gaia,1
"Boyle Heights, Los Angeles",1
"Westerville, OH",1
"Hamilton, Ontario",1
"Jackson, MS",1
Tehran,1
"Poole, Dorset",1
"PA, USA",1
Chickahominy Swamp of Virginia,1
The internet,1
Mojave Desert,1
Venus and moon.,1
317,1
"United States, Planet Earth",1
TEXAS USA,1
419,1
Expect the UNexpected,1
üáµüá∑üá®üá¥,1
on my court,1
XI/I ,1
Caribbean,1
Where life takes me,1
"Compton, CA",1
Barber school,1
L'ancienne Hochelaga,1
Auxerre / Dijon,1
Paris-Issy 92 ,1
Africa,1
No Listsüî∏No Salesüî∏No Porn ,1
"I see more than most, USA",1
"Toronto, Canada ",1
on an adventure w my gf,1
"Chino Hills, California",1
DMV,1
"Reims, Champagne-Ardenne",1
Nowhere (Middle),1
"41,000 ft",1
"Madras,Kerala,Gujarat,Bharat",1
"North Myrtle Beach, SC",1
Vega Alta,1
"22, 36",1
In Galaxy Not Too Far Far Away,1
Tokyo,1
Winterfell,1
Under my bed in Gunshine State,1
"Dorado, PR ‚Ä¢ LU-Belleville",1
"Hailey, ID",1
md de,1
kitchen,1
New Hampsire,1
"Trumpster Town, USA",1
(AR Ozarks) OzarkGuru / Editor,1
"New York, NY ",1
UAlbany '19,1
Bolton,1
Edmonton/PS/London/Saskatoon,1
Snapchat üëª,1
Kazakhstan,1
lap of poverty,1
aqui y alla ,1
"Galway, Ireland",1
A spooky hut in the woods,1
Azania,1
"Stavanger, Norge",1
las vegas,1
"Fontana, CA",1
North Memphis (aka Chicago),1
on Twitter,1
"Palm Beach, FL",1
N.C.America,1
"iPhone: 51.815819,-0.819923",1
"Ypsilanti,Michigan ",1
On A Plane,1
Erie ,1
europe,1
"Vancouver, British Columbia",1
"Montmagny, Qu√©bec",1
intersectional feminism,1
"Manteca, CA",1
"Middle of nowhere, CA",1
southern california,1
"Nairobi, KE",1
"Boise, ID",1
Homestead,1
Nirobi,1
"Toronto, Ontario Canada",1
"Scottsdale, Arizona",1
"palm beach gardens, fl",1
ClearLake Ca,1
home,1
Puerto Rico ‚ô°,1
Kristina Gallo,1
The red part of Illinois.,1
IRAN Tehran,1
PUERTO RICO,1
Condado,1
phx/la,1
chrissy chrissy chrissy,1
stafford,1
Teletraan One,1
deep space,1
Right behind you.,1
Somewhere in Pennsylvania!,1
Nambia,1
NotMyPresident,1
Nottingham uk,1
Des Moines,1
anywheresurfaceoftheearth,1
"Can√≥vanas, Puerto Rico",1
Illinois ,1
Midland Ontario Canada,1
"West Lafayette, IN",1
Rural South NSW,1
"St. Catharines, ON",1
"Clarksville, TN",1
indy - naptown,1
Nairobi ,1
Oceanside California,1
Flavortown,1
Ouargla,1
"Fremont,CA",1
Niagara Canada,1
"Waterloo - Toronto, Ontario",1
Spooky City USA,1
The Mariana Trench,1
"Wagoner, OK",1
Warren,1
Dancing On Head Of A Pin,1
"Cheney, WA",1
"Cairo,Egypt ",1
My own private idaho,1
Seoul,1
Kassel,1
"Waxahachie, TX",1
"Panama City, FL",1
"Stourbridge, UK",1
"Sonoma, CA",1
"Louisville,KY",1
#NYC #MIA #PuertoRico #LA #UK,1
"Pretoria, South Africa",1
"Staffordshire University, UK",1
NJ | IL,1
Adrift in the Universe,1
"Out Of Many, One People ",1
a state of some confusion,1
Puerto Rico/ Florida,1
"Magna, UT",1
√úberall und Nirgendwo,1
"√úT: 45.525049,-122.633554",1
"Albufeira, Portugal",1
"Bay Area,  CA",1
Right Here,1
North Texas area ,1
"Yauco, Puerto Ricoüáµüá∑",1
K-hoooooodddd ,1
charlie,1
"Miami, Fl",1
Makati City,1
c-137,1
Resistance Sat COMMS,1
Chicago Il- Naples FL,1
germany ,1
Memphis/Houston,1
Vermont,1
Chicagoland,1
"Providence, RI",1
"Council Bluffs, Iowa",1
houston flexa$,1
Borinquen,1
"Milky Way, Human Sector",1
Jam rock ,1
"San Germ√°n, Puerto Rico",1
"Waco, Texas ",1
Somewhere on Earth,1
‚õµÔ∏èDowneast Maine üå≤Acadia NP,1
"S√£o Paulo, Brasil",1
Internet,1
lv cuidvd ,1
"High Springs, FL",1
joburg south africa ,1
Northern Hemisphere,1
"Punjab, Pakistan",1
Necesito un mapa.,1
walsall England,1
Sarnen and Z√ºrich Switzerland,1
Land of the Free ,1
"SW Houston, TX ",1
"Penrith, Cumbia",1
"Vinton, VA",1
"San Francisco, California",1
lost ,1
"For My Sins, TX",1
at home developing,1
Amy's,1
From The POSSE,1
"Mineral Wells, TX",1
SFC to Chico and back ,1
"#SwerveCity, RI",1
LAND,1
"fainting couch, TX HillCountry",1
' t,1
In a Town Called Malice,1
"Portland, Oregon  USA",1
Rouen,1
Tanzania,1
San Sabastian/ Buenos Aires / Turkey / USA,1
kiwis‚Ñ¢,1
Mother Earth ,1
"Favrskov, Danmark",1
"Harrow, London",1
"Kennesaw, GA",1
they/he,1
Toa Alta / Luquillo,1
"Nantes, France",1
Cabo Guardafui,1
"Brentwood, Essex",1
"Auburn, California",1
üáµüá∑ Post-Mar√≠a ,1
"Groningen, The Netherlands",1
where I want to be,1
Poland,1
BOD - Tarn/Rovrum,1
TheUSAüá∫üá∏,1
East of LA,1
"Buckhead Village, Atlanta",1
North America ,1
Location: Pepperland,1
‚úàGlobal Nomad‚úà,1
"Victorville, CA",1
Motown,1
N√º Jersey ﬁÉ St. Yuƒìh√†n,1
"Leeds, England",1
Maldives ‚û≥,1
columbus ohio,1
errrwhere,1
sc | aleysha.lm,1
"Loveland, OH",1
London/Portugal,1
"Strasbourg, France",1
IN HOUSTON W/ MY BABY,1
Italy,1
"Duba√Ø,  Dakar ",1
randburg,1
"Gainesville,Florida",1
At the Fortune block party,1
Stratford upon Avon,1
leap.,1
"Ann Arbor, MI",1
Co. USA,1
Based in Brooklyn,1
None of your business ,1
WINTER,1
Colorado & Alaska,1
"100% TRUMP, USA",1
"Animal Farm, USA",1
Nunya but i am surrounded by trees.,1
Pineapple Under The Seaüåä,1
@MomsDemand @Everytown   WI,1
Vancouver/California,1
"Punta del Este, Uruguay",1
"Scourie, Sutherland",1
"Barkville, Dogopolis,USA,Woof!",1
"Duba√Ø, Emirats Arabes Unis",1
Geneva and New York,1
"Saint Charles, IL. USA",1
"Sechelt, BC",1
"North Texas, USA",1
"Cook Forest, PA",1
#BlackLivesMatter,1
"Pinckney, MI",1
Strawberry fields ,1
"Albany, NY",1
Gotham City,1
"Anaheim, Ca 92805",1
Murfreesboro TN,1
"Northern Ireland, United Kingd",1
"West Memphis, AR",1
"Hudson, OH",1
"Auckland, New Zealand",1
The Republic of Texas,1
on my way to kick my own ass,1
"Rio Piedras, Puerto Rico",1
filthadelph,1
"Latrobe, PA",1
Eric Forman's Basement ,1
Sunshine State,1
"southeastern Indiana, USA",1
Easter Island,1
"Hell, Arkansas",1
"Simsboro, Louisiana",1
"Mayaguez, Puerto Rico",1
University of Maryland,1
"Jersey City,  NJ",1
L O N G  B E A C H. CA ,1
Toa Baja,1
hell.,1
"Prof at NYU, New York City",1
Caguas El Nuevo Pa√≠s,1
"Boedapest, Hongarije",1
"Lafayette, CO",1
VA,1
"Fresno, Ca.",1
ON YA BITCH COUCH.,1
"The ""Real World""",1
Bay Area,1
17112,1
probably writing scripts,1
 WI & IL,1
"Piscataway, NJ",1
"Harrison, NY",1
"denver, co",1
Portland Oregon ,1
50c St Ninians Road 16-03-2003,1
OneNationUnderSquad,1
üé∂üéµ‚ù§Ô∏è,1
"Moreno Valley, CA",1
Your mind ,1
"Tijuana, Baja California",1
"New Brunswick, Canada",1
Platform 9¬æ,1
"St Louis, MO",1
with M,1
A Theatre Near You,1
London E1 & E14,1
Ponce UIPRP ,1
303,1
"Garden Grove, Ca",1
Where I need to be ,1
"""DTW"" on an art = mine",1
Arizona USA,1
outcheaa,1
Berlin (Germany),1
Bancroft On üá®üá¶,1
"Jersey City, NJ",1
yo daddy's house,1
EAST LDN,1
South Suburban College,1
UK GODS COUNTRY ,1
"Lake Oswego, OR",1
Hell,1
around.,1
dc wjsn exid ‚ú® ,1
"Okotoks, Alberta",1
United States of Russian Nazis,1
NRW ,1
"White House, TN",1
     New York,1
hogwarts.,1
Milky Way - Tomorrowland,1
Brooklyn for now. ,1
"Palatine, IL",1
Tampere,1
Villa Villekulla,1
The Great State of Texas,1
"KC, MO",1
she/her,1
Phila. PA.,1
"Tarzana, Los Angeles",1
"Broward County, FL",1
"St. Louis, MO",1
Tiny drop of blue in Red state,1
annapolis ‚áÑ myrtle beach,1
TEXAS,1
"Ontario, CA",1
Borik√©n,1
"Bitterroot Valley, MT",1
"Marin, CA",1
"Paoli, IN",1
South Africa ,1
"Kure Beach, NC",1
no telling,1
florida ,1
Villalba PR,1
LA,1
la isla del mar y el sol,1
Barranquilla ,1
AL,1
"Westminster, CO 80031",1
Noosa Queensland,1
„Ç¢„É°„É™„Ç´,1
Blue oasis in a red desert,1
"Rawang, Selangor",1
"Montgomery, AL",1
"Everywhere, USA ",1
Under a bridge,1
Hogwarts ,1
Paris ,1
"Chicago, IL, USA",1
"Niagara, Canada",1
Somewhere... watching! ü§ì,1
Val de marne,1
"British Columbia, CA",1
"Norfolk, Virginia",1
Desconocida.,1
"San Ysidro, CA",1
My location is between furious & loving.,1
"Fort Worth, TX",1
NYLon,1
newfoundland,1
"SD, CA",1
Coruscant,1
Accra / Ghana,1
Nairobi Kenya,1
"Cincinnati, OH",1
"North East, England",1
"‚îîA, Calif‚òÄÔ∏èrnia",1
"Birch Bay, WA",1
Mercy of the lord,1
"Bruxelles, Belgique",1
Dans la pyramidezer,1
md,1
"maybe in Gonzales, LA",1
94,1
At the beach,1
"Lancaster, Pennsylvania ",1
"Longmont, CO",1
Magicant,1
New Mexico,1
"Brunswick, MD",1
09.06.13 take me home tour.,1
"Vetlanda, Sverige",1
Indianapolis,1
prolly in yo city,1
"Ghent New York, USA",1
ÂÖµÂ∫´Áúå,1
"Bainbridge, OH",1
CALIFORNIA:REPUBLIC,1
"Richardson, TX",1
ATL‚úàÔ∏èLA,1
Eta Piscium ,1
Real American from middle of ,1
"Bloomington, IN",1
"The Vill üèüCarson, CA",1
"Chicagoland, USA",1
"Puerto Rico, PR. ",1
In the upside-down ,1
"Santurce, P.R ",1
stranded ,1
"Oviedo, FL",1
Livorno,1
Couloirfornia,1
"B√©thune, France",1
"Brooklyn, New York",1
"upper Brittle Fudge, Sask",1
402,1
London Singapore OnTheRoad,1
"√Ø¬ø¬ΩT: 40.870483,-73.845906",1
"Puerto Nuevo, Puerto Rico",1
"Staunton, VA",1
Byline,1
"Hamilton, Scotland ",1
Ponce ü¶Å,1
"Chesterfield, MI",1
ya tu sabe,1
siberia,1
"Tierra Verde, FL",1
. . .,1
Wakefield | Leeds | Baltimore,1
#blacklivesmatter,1
Nebraska,1
The Clout House,1
IG/SC: laurabeatriz_09,1
lost in the west,1
"Columbia, MO",1
N IRELAND LOYALIST AND PROUD.,1
Northern Ohio,1
"Los Angeles/Jamaica, Queens",1
"HALIFAX,NS",1
Alfreton Derbyshire ,1
"Groton, MA",1
"East Coast, PR",1
"Ankeny, IA",1
"ATX, USA",1
up your texass,1
"Aspen, Colorado",1
"Murfreesboro, TN",1
???,1
"Calgary, Alberta, Canada",1
 Alabama U.S.,1
Franklin TN,1
Probably at my desk writing,1
Gilinsky's eyebrows,1
Colegioüê∂,1
the twp,1
PNW,1
RVA ‚ù§Ô∏è // 704 ,1
"Columbia, Mo",1
"Hogtown, Canada ",1
varlden @ twitch,1
"Ville de Taipei, Ta√Øwan",1
"Toronto, Ontario, Canada",1
Terre,1
Virginia Beach,1
919 ‚úàÔ∏è 352 ‚úàÔ∏è 850,1
Raymond IL,1
GA,1
hawai'i üåä,1
isla del encanto,1
‚ÄúEngland is my city‚Äù,1
"Salvador, Bahia",1
Somewhere north of Los Angeles,1
"Fort Lauderdale, FL",1
"Surrey, BC",1
    Aibonito|Ponce,1
"Beverly Hills,CA",1
"stillwater,mn",1
"Takoma Park, MD",1
"Lihue, HI",1
Chennai,1
"Somewhereresisting,USA",1
"Pleasanton, CA",1
Somewhere ballin in Ballyworld,1
mcm‚Ñ¢ pkk‚Ñ¢ ,1
An Antique Land,1
"Gransdorf, Deutschland",1
"Stockholm, Su√®de",1
"Crest Hill, IL",1
"North Miami, FL",1
"DTW, LHR",1
R+L marriage,1
"Leavenworth, KS",1
gdlt,1
Wentzylvania,1
VA and beyond.,1
Sanctuary State-Trumpfuckistan,1
"Cayey, Puerto Rico",1
location? wherever I can park,1
"DreamVille, ColeWorld",1
midwest,1
"Colonial Heights, VA",1
Far North Queensland,1
#TroyU,1
NO. Cal√≠ ·É¶ ,1
"Napa, CA",1
nottingham,1
"M√©xico, D.F.",1
"Edinburgh,Scotland",1
"USA TODAY HQ, McLean, Va.",1
"3 before 8, On the way!",1
"Jeffersonville, IN",1
capital of texas,1
"Bhubaneshwar, India",1
Atlanta + Worldwide,1
Columbia Zoo Snake Habitat,1
from Sicilia served USA ARMY,1
"Lawrence, MA",1
"Amman, Hashemite Kingdom of Jordan",1
en la luna,1
"Lagos,Nigeria.",1
WE NEED A PENCE PRESIDENCY! ,1
Luthuli,1
"Vineyards,Rhein River,Germany",1
En la Calle 13 ,1
"Saco, Maine!",1
aus,1
"Lajas, Puerto Rico",1
Nirvana,1
"Toulouse,France",1
"New Brunswick, NJ",1
paris,1
WASHINGTON DC ‚Ä¢ BOSTON,1
tx,1
¬¢entral ¬¢alifornia,1
 ,1
Roazhon,1
"Luquillo, PR ‚òÄ",1
South of Texas ,1
Somewhere in Kenya,1
Columbus ohio 43214,1
"Springfield, IL",1
Valley of the Sun - AZ - USA,1
"Stockholm, Sweden",1
Wonderland,1
"Corozal, Puerto Rico",1
Elk County PA.,1
P.R.,1
"√úT: 45.651857,-123.163598",1
"Eastern LI, NY",1
" Eugene, Oregon",1
"Melbourne, FL",1
Driehuis (N-H),1
"Scotts Valley, California  ",1
"Dublin, Ireland",1
GOPBustedForBenghazi.com,1
954‚òÄ229‚û°912‚úà,1
Australia/Scotland,1
903,1
Hogwarts and in Niall's arms,1
Homeland USA,1
Neverland,1
East Texas,1
the university of arizona,1
"Blue Spec in Red Texas, USA",1
"Here, Now",1
central canada ,1
Kelsey California,1
"Panama City Beach, FL",1
"Aiken, SC",1
"Arecibo, Puerto Rico XVIII",1
Mashinani,1
Chicago/Florida,1
"Cata√±o, Puerto Rico",1
Planet Earth BEAM ME UP SCOTTY,1
"Boston, MA (via Padova,Italy)",1
"Pasadena, CA",1
Off the Grid,1
"San Antonio, Tx",1
"Ypsilanti, MI",1
the Netherlands,1
"BLUE St.Louis, BLOODY RED MO",1
Loot Cave,1
Reana del Rojale,1
Australia July 2014,1
"Area 22, StP, MN, USA",1
SSK House,1
Hacken$ack ,1
"Burnaby, British Columbia",1
In your dreams,1
Houstatlantavegas,1
"I miss you, NJ",1
global HQ,1
Denver,1
why are you really here?,1
Kitale,1
"Dallas , Texas",1
"Stockton, CA",1
"Edmond, Oklhaoma",1
NAIROBI,1
London England,1
"Hastings-on-Hudson, NY",1
Lehigh Valley  PA  USA,1
Drakes house ,1
YouTube acc: bit.do/dNxCM,1
Jalgaon Maharastra India,1
Lymington,1
Dariusüíõ,1
Somewhere on the East Coast,1
Great Smoky Mtns.,1
Forever Houstonian in NC now,1
Left of Center,1
"Millom, England",1
British Columbia,1
"Manat√≠, PR ",1
SoCal ‚òÄ ,1
"Mason, OH",1
Always somehere.,1
"Elkton, MD",1
"honeymoon, √£ve",1
"Fort Lee, NJ",1
San Antonio/Huntsville,1
Variety. Observer. London.,1
"Binghamton, NY",1
Qu√©bec,1
"Morovis, Puerto Rico",1
Mars the Red Planet  ,1
"Southern, USA",1
Florida‚òÄÔ∏è,1
nairobi,1
Way too close to DC.,1
"Lagos, Nigeria ",1
"Anchorage, AK",1
"√úT: 45.417221,-75.677044",1
kent,1
Aqui canto de cabron,1
"Yucaipa, CA",1
derry,1
"Essonne, Ile-de-France",1
"New Orleans, LA & N.C.",1
"Stone, Staffordshire, UK",1
"Holland, Michigan USA",1
DC-adjacent,1
Alabama,1
bea amal emma kate,1
brooklyn,1
"Taos, NM",1
"Medford, NJ",1
ON TOUR,1
Somewhere north of Watford,1
VA Baby,1
SATX.,1
"Hell, MI",1
"Waynesville, OH",1
From out in left field.,1
"Berkeley, California",1
"Cape Cod, Ma.",1
"Yukon, OK",1
"Guantanamo Bay, cuba",1
RVA//FXBG ,1
"his bed, tx",1
"Phoenix, Arizona, USA",1
"Rome,Georgia",1
"Metro West Boston, MA",1
America! üá∫üá∏ü¶Öüá∫üá∏,1
"Canberra, ACT",1
West Xylophone,1
princeton,1
"""The balcony of Southern CA""",1
San Fransico Ca,1
"Toronto, ON Canada üçÅ",1
Chicago IL,1
"Rancho Santa Margarita, CA",1
currently Oklahoma,1
Goi√¢nia - Brasil,1
"Vega Baja, Puerto Rico ‚òÄÔ∏è",1
Cork. Where else like!?,1
Boonies of ID on my motorcycle,1
Everywhere!,1
"Miramar, FL",1
"Powder Springs, Georgia",1
"London, Ontario",1
Makoharu Alley,1
Puerto Rico ‚úàÔ∏è Pennsylvania,1
"Oster√∏y, Norge",1
SC/INSTA: MaddyWalling,1
stilltryntofindit,1
"Ass Town, TX",1
yesenia #mamijica ,1
"Charleston, SC",1
southeastern PA,1
Trinidad & Tobago,1
"Somerset, UK",1
"New Jersey, USA (Hogwarts Grad)",1
"HyphyLand, Mobafornia",1
Justice for all,1
"Somers, NY",1
M√©xico,1
GeeksResist Headquarters ,1
Northwest Pennsylvania,1
Chasing my dreams! ,1
-----  La  France  ----,1
new york city,1
"Bluffton, SC",1
not outside,1
"Carola, PR",1
111x35,1
upstate NY and Cape Cod Mass.,1
South Philly / 20th Street,1
Penn State University,1
Midwest ,1
"Jersey City, New Jersey",1
PR  ,1
|1|2|3|4|5|6|7|8|,1
Salt Lake City,1
"L.A., CA",1
Normani's ‚ù§‚ú®,1
Mar-a-Largo,1
Washington,1
Philanderer - Philanthropist,1
TANZANIA,1
"Plainfield, IN",1
"CT, USA",1
"Santo Domingo, Dominican Republic",1
The Undivided States of America ,1
"sumas, Wa",1
"lafayette, indiana",1
"Kelowna, BC, Canada",1
"God's Country, NJ ",1
"Colombes, France",1
Êù±‰∫¨ÈÉΩ„ÄÅ‰∏ñÁî∞Ë∞∑Âå∫,1
Western New York,1
 La Isla del Entretenimiento,1
"Athi River, Kenya",1
"Houston area, Texas y'all",1
"Euphoria, North Carolina",1
"Fatih, ƒ∞stanbul",1
WA11 9BX,1
SWFLA,1
"Provence-Alpes-C√¥te d'Azur, France",1
"Georgetown, ON",1
702V35V503,1
"The Dirty South, Arkansas ",1
910‚û°336 ,1
"Timber, Oregon",1
337-281,1
"Los Lunas, NM",1
FLORIDA,1
Whitby,1
bailando con versos en el gym,1
"Rivendell, Middle Earth",1
Northern NJ,1
Trying to stop the nightmares,1
"Cabo Rojo, USA",1
she/they pronouns please,1
Veneux-les-Sablons,1
Upstate New York,1
New York - Athens,1
"Browning, MT, Indian Country, ",1
"Monroe, MI",1
Paradise,1
Planet Earth üåçVirginia ,1
"Ponce, PR",1
Johannesburg,1
"Toronto, ON",1
 in SQL & Visual Studio land,1
Chicago. Los Angeles.,1
Philadelphia PA,1
"Long Island City, Queens, NYC",1
Puerto Rico || Hawai'i ,1
"Middletown, OH",1
Death Star ,1
MicDropThotties‚ú®‚ú®,1
"New Orleans, Louisiana, U.S.A",1
Leeds-Poland,1
"Bend, OR",1
"Sindh, Pakistan",1
gloucestershire,1
Bridgwater/Somerset/UK/Earth,1
Middle TN,1
"Haughton, LA",1
"√úT: 39.637141,-75.655324",1
"Rio Grande Valley, Tx",1
"Reno,NV",1
ATX ,1
"Southeast, VA",1
"Cedaredge, Colorado",1
at home ,1
"Bayam√≥n, Puerto Rico ",1
"johannesburg, south Africa ",1
Aerie Peak-US,1
P O N C E ,1
Sheboygan WI,1
Chicago Óîå (WestSide),1
"Saint Francis, Wisconsin",1
NY displaced from Oakland,1
Arizona ,1
arizona,1
"Yalco, Puerto Rico",1
IG: ivaninhio,1
"New York State, USA",1
Spokane,1
Slovenija,1
"Long Beach, NY",1
UK & OZ.,1
Bubbleology probably,1
Plano TX,1
"Bethesda, MD",1
"Lacey's Spring,Alabama",1
"Pissy, France",1
"Harker Hts, Tx. 76548",1
Insert Witty Location Here,1
Marseille,1
Suuqa Xoolaha MN,1
"Bourg-en-Bresse, France",1
"Modiin, Israel",1
Northern Minnesota ,1
Muscle Shoals,1
Bournemouth,1
colorado ,1
"Hogwarts,England",1
"Manchester, England",1
"northwest, PR",1
Money Land,1
"Newark, NJ",1
"Regina, Saskatchewan",1
glocal,1
Probably in one of my videos,1
"√úT: 38.743129,-90.229433",1
"iPhone: 45.548840,-122.677383",1
"Poitiers, France",1
Tip Toeing in my Stilettos!,1
N.Ireland,1
Fostoria || BGSU,1
L'Ile Des Hommes Poissons ,1
bunny hopping heavens gates,1
plus √† chicago,1
"nic,bea‚úØ",1
Arabian Nights,1
"Madrid,Espa√±a",1
Nobots noporn&notrumptrolls ,1
Dinally & Alren Stan,1
A·¥õ ·¥ç è ·¥ã…™…¥…¢·¥Ö·¥è·¥ç‚èé,1
Transform Your Life üëâüèæ,1
"742 Evergreen Terrace, USA",1
Republica Dominicana,1
"Mountain View, CA",1
"Parkland, WA",1
Brooklyn  via SF Bay Area,1
NYC via Ohio,1
"Delft, NL",1
"Near South Shore, Azeroth",1
"Shenandoah Valley, Virginia",1
NEW YORK,1
London UK,1
Narnia,1
A pickle jar,1
Space ,1
West london,1
"West Midlands, England",1
 Twilight Zone ,1
"Boulder, CO",1
"Santa Isabel, Puerto Rico ",1
geneva,1
Washington D.C. and WY,1
My Heart & Mind ‚úåÔ∏è,1
EAST ,1
texas ,1
honolulu,1
im ash my pronouns are he/him,1
"Malden, MA",1
"Monticello, AR",1
"Chennai, India",1
"Charlotte, Texas",1
"Baton Rouge, LA",1
Greater New Orleans Area,1
"Suffolk, VA",1
Watching the Raiders,1
"Boca Ciega, FL",1
"Chicago, IL.",1
Anywhere there's coffee ,1
PuertoRlando,1
"Sherman Oaks, Ca.",1
Bosnia/Norway,1
"Decatur, GA ",1
Texas ,1
#TorontoTheGood,1
"Fitchburg, MA",1
EVERYWHERE ,1
"Helsingborg, Sweden",1
Under the Yum Yum Tree,1
Ciudad Aut√≥noma de Buenos Aire,1
D[M]V,1
"Caguas, PR",1
The Land of Free to an Extent,1
"Troy, NY",1
"Pennsylvania,U.S.A.",1
Perth Western Australia,1
"austin,texas",1
In the Stars,1
"Near Charlotte, NC",1
TN üé≠,1
"Daniel Island, SC",1
Next door,1
City. Prairie. Sea. ,1
"Pennsylvania Ave Washington, D.C",1
Fact Based World,1
"Naucalpan de Ju√°rez, M√©xico",1
Oklahoma,1
"Inver Grove Heights, MN",1
Under His Wings ,1
New York City/Staten Island,1
Texan Residing in Okla.,1
TWITTERLAND,1
hyderabad,1
Canananananananananada,1
Starve.The.Ego.Feed.The.Soul.,1
"Elko, NV",1
"London, United Kingdom",1
global Brooklyn-to-SF,1
"New York, NY, Planet Earth",1
"Hollywood, CA",1
Conservatorio de M√∫sica ,1
Expatriate ,1
"West Babylon, NY",1
South East Massachusetts ,1
south georgia,1
micky mouse trap house,1
ian milkovich // dana,1
houston,1
Baile √Åtha Cliath,1
"Manchester, NH",1
Dantes Inferno ,1
New York State,1
R.I.P to my my loved ones ,1
SD_CA_U,1
Regi√≥n Metropolitana,1
Southern Ca.,1
lancaster,1
"Gd Blanc, MI",1
"Peru, Maine",1
space is the place,1
NJ Transit quiet car,1
"Shepherdstown, WV",1
Rep√∫blica de Ponce ,1
"Manchester, CT",1
Arsenal FC ,1
Blue State of California,1
Digitosphere,1
"Wicklow, Ireland",1
Sydney Australia,1
"Columbia, SC",1
Arkansas USA üá∫üá∏ ,1
VedoulVie,1
"Small town, USA",1
"Fallbrook, CA",1
"Killeen, TX",1
"Las Vegas, Nevada",1
Im getting ready,1
"Bay Area, CA",1
"Guayama, Puerto Rico",1
"Leuven, Brabant, Belgium",1
"Wilmington, NC",1
"Winnipeg, Manitoba",1
"Mystic, CT",1
"Marrero, LA",1
Sunshine State ‚òÄÔ∏è,1
pakistan,1
UNITED STATES OF AMERICA,1
"Nevada via Littlerock, Cali",1
Konohagakure,1
candler road,1
Acerbic iconoclast & recluse.,1
"Wethepeople, USA",1
Tacos el guapo :v,1
"Dallas, TX. USA",1
waiting for death,1
"Madrid, Espa√±a",1
Deplorable Nation ,1
Fayetteville NC//Lancaster PA,1
"Molalla, Oregon",1
#BlackAndSTEM PHI & NYC,1
yakima washington,1
thereüëáüèælets link,1
"Saint Charles, IL",1
heckin' space or some shit,1
"White Plains, NY",1
"santa ynez, cali",1
stumptown,1
"Trenton, NJ",1
The Burrow/Riverdale/Storybrooke,1
"New Haven, CT",1
"Iowa City, IA",1
Un lugar llamado aqu√≠,1
boston & cities like such as,1
A lovely life~Seattle & Tokyo,1
Northamptonshire ,1
"Viera East, FL",1
Alrededor del mundo (UE),1
The Supine State,1
Red State,1
Ponce ,1
"Isla Verde, Puerto Rico",1
hot to the rahd ,1
occupied Osage territory,1
"Gold Canyon, AZ",1
NSW,1
serbia,1
"Branson, MO",1
"Norfolk, VA",1
"Tallahassee, Florida",1
Nassau,1
"Astoria, Queens",1
OREGON ‚òÅÔ∏é || ‚òÜ they + he,1
From Puerto Rico now in üìçNY,1
IL,1
Red State of Mind,1
"Brentwood, CA",1
w| the wife üíçü•Ä,1
Pennsyltucky,1
The Cosmos,1
"mazatlan, mexico",1
I wish I was at the beach.,1
where the heart is,1
"Albuquerque, NM",1
"Melbourne,Australia",1
"Fajardo, Puerto Rico",1
new orleans.    ,1
Triggered Cityüí´,1
Friggin Florida,1
oklahoma state university,1
"Washington, DC ",1
"Isla del Encanto, PR",1
Florida USA,1
New Hampshire,1
Laurelind√≥renan,1
"Edmonton, Alberta, Canada",1
Upstate  NY,1
"SF Bay Area, CA",1
Milwaukee/ Naples/ Chicago,1
Hogwats,1
"Southend, England",1
"Portland, Oregon",1
Shanghai,1
"Moncton, NB",1
Puertorrique√±a | Chicago,1
"Raismes, France",1
NortheasternStateUniversity,1
Rochester NY,1
"St. John's, Newfoundland",1
"Rio Grande do Sul, Brasil",1
Cahstrop ,1
NYer in FL,1
"Le Sourn, France",1
"Utrecht, Nederland",1
SoFlo ‚òÄÔ∏è,1
Standing Between Bullies and the Bullied.,1
630 ‚Üí 202,1
WISCONSIN ,1
Buenos Aires,1
Nashville,1
LDN,1
France - London,1
Huntsville,1
"Bullhead City, AZ",1
"Kearny, NJ",1
Around the way ,1
Plan√®te Vegeta,1
"Mons, Belgium",1
Central Valley California USA,1
near Philly,1
"Scotland, Europe",1
Quebec,1
Bayam√≥n | Utuado,1
"Miami, Puerto-Rico&Gainesville",1
jammu,1
"Ard√®che, Rh√¥ne-Alpes",1
GoingRedBook.com,1
carolina,1
"Cullom, IL",1
"Amsterdam, The Netherlands",1
In a box of booberry cereal ,1
"Cedar Hill, TX",1
Puerto Rico ‚Ä¢ MD ,1
"Paradise Hills, NM",1
Zeta Reticuli &Epsilon Eridani,1
"Westminster, SC",1
"Clarendon Hills, IL",1
"North Hills, Los Angeles",1
Iowa,1
"Rome, Italy",1
Metro NY,1
Leeds England,1
Caligal,1
"Ontario, California",1
"Doylestown, PA",1
"Camarillo, CA",1
"Blue in a Red State, USA",1
w Julian,1
union nj,1
"Texas, United States. ",1
Puertorro,1
"S.F Bay Area, CA.",1
"Westland, MI",1
"Uk, Scotland",1
"New. Orleans, LA",1
"Toa Alta,  PR ",1
"Eastern PA, United States",1
"Wellesley, Massachusetts",1
"based near Brighton, UK ",1
Somewhere Out There,1
10/12/16 [13/05/17],1
Spicy Collins and WDWDG‚Ñ¢,1
"Tampa, Florida",1
"New Hope, PA - USA",1
"Portland, ME + OR/SD/TX/MT",1
Somewhere laughing ,1
‚ù§Ô∏è,1
Close to greatess,1
Amsterdam,1
Chapel Hill NC,1
Rat Park,1
los angeles,1
"Terryville, CT",1
"ANYWHERE w/Out ""U Know Who"" ",1
"Leimert Park, Los Angeles",1
The Left Coast,1
Beautiful Northwest USA,1
"London, New York, Washington ",1
"El Paso, TX",1
"SF BAY AREA, CA /NEW YORK CITY",1
" West St Paul, MN,USA",1
City and Romford,1
"Idaho, USA",1
92i,1
"Basedworld, Oregon",1
maine,1
Big Comfy Chair in Iowa.,1
"Chicagoland, IL",1
"McLean, VA",1
Andromeda,1
NYC/UK,1
"Barceloneta, Puerto Rico",1
"Mustang, OK",1
"Kobe, Hyogo, JAPAN",1
"San Pedro, Los Angeles",1
"Atlanta , GA ",1
Hogwarts,1
CHI‚úàMPLS,1
"Yakima, WA",1
United States Against Fascism,1
Evidently Chickentown,1
"NeoTokyo, MD",1
"Moore, OK",1
West Coast California,1
Resistance USA,1
Noneya ,1
Sun City Venice Beach Culver C,1
Trinidad & Tobago ‚òÄ,1
"Kalamazoo, MI, United States",1
"boston, ma",1
The D,1
Shay Mountain,1
üåûüåäSome Delaware beach üåäü¶Ä,1
watched by my angel NakeyaÓÄ¢ÓÄ¢,1
Bangalore,1
Kakariko Village,1
"Cartagena, Colombia",1
"Warren, MI",1
"MEMPHIS, TN",1
"In the waiting room, Florida.",1
Houston/ Austin / San Diego ,1
Making Mrs Dude's martini,1
also see Twitter‚Äî @XrayzrRev,1
NYC & the Woodsy Burbs  ,1
#Nambia,1
DC Metro area,1
SW London via the Humber Mouth,1
Metro Detroit ,1
"Washington, MD",1
"Whitehall, OH  U.S.A.",1
"NC, USA",1
DMV ,1
"Stockholm, Sverige",1
"Paris, Ile-de-France",1
" REAL REALITY, USA",1
Georgia ,1
look at the stars,1
The world,1
"Marietta, GA",1
The other Washington,1
andover,1
San Francisco | Berlin | Provo,1
Bandal c'est Paris...,1
"4-Corners, NM",1
"Makati City, Philippines",1
"Bloomfield,NJ",1
"HOU, LSU, UDallas",1
"Sydney, NSW, Australia",1
"Califormia , USA",1
#World,1
‚Ä¢‚Ä¢‚Ä¢‚Ä¢‚Ä¢‚Ä¢‚Ä¢‚Ä¢‚Ä¢‚Ä¢‚Ä¢‚Ä¢‚Ä¢‚Ä¢‚Ä¢‚Ä¢‚Ä¢‚Ä¢‚Ä¢‚Ä¢‚Ä¢‚Ä¢‚Ä¢‚Ä¢‚Ä¢‚Ä¢‚Ä¢‚Ä¢‚Ä¢‚Ä¢,1
Northeastern Ohio,1
"Princeton, NJ",1
satx,1
"Louisville, KY Eastend",1
"THE RICH, CA",1
HELL,1
Twin Cities | Minnesota,1
"Eureka, CA",1
Alaska,1
somewhere fighting evil üìç,1
"Stapleford, England",1
"Syracuse, NY",1
New Orleans & Puerto Rico,1
"stockton, ca",1
SKIPENTCOGUAM,1
"Salinas, CA",1
PR,1
Poodle Springs,1
"Winter Park, FL",1
Unknown,1
"Canberra, Australian Capital T",1
K(ill Me)entucky,1
"Portland, ME",1
"Mo City, Tx",1
lost at sea,1
vegasss,1
Inside,1
"Tamil Nadu, India",1
"Cupey, Puerto Rico",1
Special Planet Earth,1
"√úT: 33.204904,-97.14352",1
$outhside ,1
Nowere,1
"Greensboro, N.C.",1
Namibia,1
"Bertha, MN",1
Alabama! USA!,1
"Morgantown, WV",1
Explorando ‚ô°,1
"Long Island, NY",1
#WeMarchOn,1
jakku,1
The West,1
"Quezon City, Philippines ‚úà",1
"Titusville, FL",1
USF,1
"Cleveland, OH",1
"LOM Heidelberg,DE",1
Êù±‰∫¨ÈÉΩÁõÆÁôΩÂå∫,1
BŒ±yŒ±m√≥n ,1
Looking for those Dolan Twins ,1
Tim Burton's Imaginary World,1
Konoha,1
"Shaker Heights, OH",1
san juan PR // denver CO,1
La Farge/Viroqua/Madison,1
puerto rican,1
"Vineland, NJ",1
"Poquoson, Virginia USA",1
"Ferndale, MI",1
"Allston-Brighton, Boston, MA",1
"Windhoek , Namibia ",1
"Elizabethtown, NC",1
"Happy Valley-Goose Bay, Newfoundland and Labrador",1
"Sunnyvale, California",1
"Ambridge, PA",1
entering the North,1
Pasadena MD,1
Arkansas,1
McDonalds ,1
"Oceanside, CA",1
Ã∏(Ã¢Ã° ÃïÃµÃõ¬∞Ã®ÕÅ Ã¥ ñÃ∏Ã¢ Ã∂Õò¬∞ÕÄÕüÃµ)ÕòÃ∑Õ¢ÃõÕò,1
Haywards Heath,1
Santorini/NYC/Carolina Beach,1
"Maui, Hawaii",1
Somewhere,1
"Trumpistan, Ohio sector",1
"Tustin and Irvine, California",1
"Inglewood, CA",1
"Cymru, Gales ",1
"Bodmin, Cornwall",1
your heart ,1
In God's Will!,1
PR - TN,1
Macedonia ,1
ON A LEVEL YOU'LL NEVER SEE,1
"South Yaamba, QLD",1
Delta Quadrant // England,1
"Flyover Country, USA",1
"Loves to debate. So bring your ""A""game or be dismissed. ",1
"Framingham, MA",1
long story,1
"I Blog from Marietta, Georgia",1
dental school,1
ND,1
"Maine, USA",1
weast ,1
"Dayton, NV",1
"New York City, NY",1
"Utrecht, the Netherlands",1
Centreville VA,1
"Denton,TX",1
On youtube eating ,1
Fleetwood,1
pasadena md.,1
Rural Northern California,1
 Earth ,1
"Lancaster, PA",1
ƒ∞stanbul - T√ºrkiye,1
Mia to the Atl,1
"Quincy, Wa",1
"South East, England",1
Middle of the media bubble,1
Lost,1
Coffeeville-Benwood,1
Gauteng,1
"Grecia, Costa Rica",1
vmas 2009üíó,1
"dauphin,manitoba",1
Puerto Rico üáµüá∑,1
Auburn girl - WAR EAGLE! üòÄ‚ù§üèà,1
Southwest ,1
"√úT: 17.981538, -66.698109",1
CSUCI,1
"Santa Fe, NM",1
"Summerlin, Las Vegas, NV",1
Port Moody BC,1
Mother Earth #FBR NO LISTS,1
Here and Now.,1
"Carlsbad, CA",1
Kensucky,1
northern Virginia USA,1
"Loveland, CO",1
News That Really Matters!,1
NOT HOME,1
bay area,1
"Planet Earth, unfortch",1
my own little dream world,1
"Hyderabad, India",1
"Bromley, London",1
"Fullerton, CA",1
"Broadstairs, England",1
"Puerto Rico, mayaguez",1
"Rockwall, TX",1
"Bedford Stuyvesant, Brooklyn",1
"Lubbock, TX",1
1868 COLLOMBEY,1
Hunter Region,1
minneapolis,1
Scotland,1
En los Vientos del Sur,1
"NE, DC ",1
nyc ,1
Lil' Kim's tiddies,1
timbuktu,1
"Washington, D.C. ",1
USA meltdown/recovery efforts,1
ally/4 ariana&justin‚ôõ | YorkU,1
Malvern,1
naptown,1
"Longview, WA",1
UPRRP,1
202 by way of 814 and 216,1
Living blue in Mississippi ,1
"Red Deer, Alberta",1
bay area ü§òüèæ,1
everywhere ,1
"San Marcos, TX",1
the fucking rail ,1
"Rich Port, USA",1
Crossfit WMD,1
YNK ,1
Rocky Mountain West,1
"Georgetown, TX",1
"Somerset, NJ",1
NM USA,1
LI/NY‚Ä¢DC,1
"Columbus, GA",1
The Resistance,1
virginia,1
"Santa Olaya, Puerto Rico",1
"Sanctuary City Chicago, USA",1
Or You Will Be BLOCKED!,1
in your dreams,1
"Nova Scotia, Canada",1
Buffalo ny,1
PR / FL,1
"Birmingham, AL",1
"ST. LOUIS, MISSOURI",1
"Evaton, Pretoria, South Africa",1
"Washington Square, Philadelphia",1
"Columbus, OH (Clintonville)",1
A DAZEY Dark Fantasy,1
Dorset,1
"Karlstad, Sverige",1
#yyc Calgary Alberta,1
"Orono, Maine, USA",1
"South Park, Colorado, USA",1
"Mission Viejo, CA",1
EARTH,1
Let ya know when I get there:),1
"Nebraska, USA",1
Bellingham,1
Forever I love Atlanta,1
"Rockville Centre, NY",1
Michigan USA,1
Cuba,1
"Magic City, Florida",1
Peterborough,1
in my own solace,1
¬ø necesitas algo ? ,1
MacLaren's Pub,1
"Mystic Falls, Virginia ",1
1491 ‚õΩÔ∏è,1
vio + alex + leo,1
"Aguadilla, PR ",1
Newcastle,1
new york new york,1
"Fitzwalkerstan, Wi",1
"Lynchburg, VA",1
"Newton-le-Willows, England",1
"East London, South Africa",1
"Chattanooga, TN",1
the Dirty South,1
Infierno,1
"Livingston, MT",1
NY'er in FL,1
Oslo,1
SE Washington,1
"Hasty,NC",1
"G√≥mez Palacio, Durango",1
DM[V],1
An authoritarian state,1
"ƒ∞stanbul, T√ºrkiye",1
History,1
 Colorado now - Heaven Bound,1
Argentina,1
Earth ,1
In the dark.,1
God Bless our Veterans,1
i live in a bowl of oatmeal,1
PA NJ NY,1
Austin TX metro area,1
'MURICA!,1
"Bunbury, Western Australia",1
"Ch√¢teauguay, Qu√©bec",1
Scunthorpe,1
"Preston, England ",1
happiness,1
"Central Valley, CA.",1
"Hertfordshire, UK",1
‚ò®‚ô°,1
saint flo,1
 St helens    Merseyside uk   ,1
"North Springfield, VA",1
Liverpool ,1
anewman@vnews.com,1
"Palm Valley, FL",1
"Guaynabo, PR",1
"Garland, TX",1
Sydney ‚úåÔ∏è,1
Left Coast,1
Somewhere being petty,1
"Milan, Italy. ",1
"MT. ND. WY. AZ - Billings, MT",1
Somewhere in this galaxy,1
"Brooklyn, Baltimore",1
"H√§ssleholm, Sverige",1
Liverpool / Wirral,1
The Clouds With My Uncle Joe‚ù§ ,1
Over here,1
coppell tx,1
"Venice, Los Angeles",1
Eastern North Carolina,1
no o yo bussiness,1
PDX üõ´ LA,1
"Miami Fl (NMB)‚úàÔ∏èAtlanta, GA",1
Perth Amboy NJ,1
"Durham, N.C.",1
Holographic Universe/Chgo,1
"GeeksResist HQ, TN Division",1
"Gladstone, MO",1
"R√≠o Gallegos, Argentina",1
de la isla,1
"Silicon Valley, CA",1
"Camp Halfblood, 221b",1
Merica',1
EWU,1
NYC / nomad,1
LandOfEnchantment,1
"Franklin, NC",1
"Sarasota,FL area",1
Australian Capital Territory,1
Southeast US,1
"United States, Alaska",1
"Homa Bay, Kenya",1
"Tahlequah, OK",1
Millie the Mazda,1
 Somewhere in Califorina,1
"Ethan Dolan, Lane",1
"NY, NY",1
probably in a ditch,1
sonoran desert ,1
queens,1
"St. Petersburg, Fla.",1
with @taylorswift13,1
"Milan, Lombardie",1
Orca ,1
"Idabel, OK",1
"Eatin' Pok√©puffs, takin' names",1
Ethan Dolan's Heart,1
#DV #CSA  #Daniel_Morgan,1
 Hamburg Germany ,1
Nairobi. Kenya,1
–º–æ—Å–∫–≤–∞,1
Jeff Foxworthy,1
New Delhi India,1
Jacksonville Florida,1
"Knoxville, tn",1
Sioux Falls SD,1
"Opghanistan, Louisiana",1
Aubervilliers ,1
Global ,1
"Manitoba, Canada",1
TN,1
Lost in thoughts,1
Planet Telex,1
"New York, NY, Los Angeles, CA",1
"Snohomish, WA",1
the mitten,1
"Cut Off, LA",1
Chicago-Montevideo,1
"Florida, USA or Idaho",1
 United states ,1
SW Desert,1
London/NYC/Sydney,1
Missouri ,1
"Sacramento, CA USA",1
PUR | FL,1
New York/New Jersey ,1
Clearwater Florida,1
Sass City,1
MO,1
Somewhere in the world,1
Land of Tough Love,1
THE BRONX,1
Pennsylvania ,1
üéä #TrumpsImpeachmentParty üéâ,1
 VA,1
Kentucky ,1
Queens,1
Galifrey,1
Ecuador,1
#BlackPalma,1
ŒúŒπŒ± çŒπ‚òÄÔ∏è,1
Spain,1
Outer Space,1
Real Life,1
shooting for the stars,1
"Rinc√≥n, Puerto Rico",1
A happy place,1
Costa Rica,1
"Hartlepool, England",1
"Montevideo, Uruguay",1
Lincoln UK,1
"Tanzania, Afrika Mashariki",1
"41.806177,-71.423086",1
NorCal,1
"New Delhi/ Kushinagar, India",1
"New Philly, Pennsylvania",1
L.A.,1
Ailleurs,1
GuamUSA,1
"S√£o Paulo, Brazil",1
28401,1
"Short Pump, VA",1
"Spring, TX",1
"Northern California, CA, USA",1
Cambridge and Princeton ,1
Kiambu,1
"Lodi, NJ",1
i love my rescued greyhound ,1
Sydney AUSTRALIA,1
Traveling Somewhere‚úàÔ∏è,1
"Brindlee Mountain, Alabama",1
Yay Area ‚úàÔ∏è Atl,1
"Kimberleys, Western Australia",1
Nasty Robbins,1
KRG ‚ù§Ô∏è,1
Third Rock in the Solar System,1
"Ocean City, NJ",1
 Puerto Rico,1
"Hell, most. Heaven sometimes",1
AFRICA,1
Northeastern Ontario,1
Here. Now. ,1
" Sunnydale, with Willow. ‚≠êüåü‚òÄ",1
"Blacksburg, VA",1
"Redmond, WA",1
in the middle of a BIG ocean,1
The Netherlands,1
Stateless,1
Long Island NY US of A,1
...... Mikki _00,1
los(v)er,1
worldüåç,1
"Overland Park, KS",1
"Herne Bay, England",1
Essex,1
"Butler,Pa.",1
East Petersburg Pa,1
"Dreamville,U.S.A.",1
Isla Estrella ,1
"Reading, England",1
Boston‚úàÔ∏èColumbus,1
On the Border üá®üá¶üá∫üá∏,1
Hole under the sea in a yellow submarine,1
Atop the Wall of Sound,1
ReTweets are NOT Endorsements,1
"Columbia, S.C.",1
 Fischlaken Essen,1
Rihanna House,1
Columbia TN,1
"Caguas, Puerto Rico ",1
Imberbe's cuore,1
00784,1
nj,1
ISU '19,1
"Boston, MA ",1
bay area ,1
Where The Sun Shines ,1
"New England, USA",1
AT&T Stadium ,1
¬°El mundo es mi hogar!,1
Oly Wa,1
Hamilton NJ,1
ATL ‚úàJacksonville,1
DC via IL via MA via OK,1
ig: yasminejeanty,1
Boston Massachusetts,1
"Lynnwood, WA",1
"Sacramento, California, USA",1
Jailon's wallet,1
USA / Hidalgo Mexico,1
Land of the Free & the Brave,1
"Charlottesville, VA",1
"Miami Beach, FL",1
"Piedmont, OK",1
"West Islip, NY",1
"Whereabouts Unknown, USA",1
"Los Angeles, CA. President Bob's Black Lodge America.‚õ∞‚õ∞",1
Gallifrey,1
Shooting for the moon.,1
"Missouri City, TX",1
im from baltimore,1
uwg20 üê∫,1
Buenos Aires City Region,1
"Campbell, California",1
Proud American,1
"San Mateo County, California",1
Southern California ,1
BSU,1
Estados Unidos & Argentina,1
City of Brotherly Love,1
GeeksResist Headquarters,1
"Coldwater, Michigan",1
somewhere over the rainbow,1
Puerto Rico ~ Indiana,1
Made in Detroit,1
Lists = Blocked,1
"Veneto, Italia",1
Jenni ‚ù£Ô∏è,1
London (ish),1
"Westcoast, Canada",1
"Liverpool, England",1
UPR-Mayag√ºez Campus,1
"North Hollywood, Los Angeles",1
"Frankfurt, Germany",1
everywhere,1
"Brunswick West, Melbourne, Australia ",1
"Darwen, Lancashire, UK",1
"Hedgesville, WV",1
over the rainbow,1
"Unfortunately, Nigeria",1
"Live, Love & be a voice 4 change",1
Guaynabo Puerto Rico,1
"Hanover, PA",1
quaker city ohio,1
phat cat w/ Lee ,1
TX ,1
Bam-i Dunya,1
Uptown ‚úàÔ∏èDowntown‚úàÔ∏èSwitzerland,1
"√úT: 38.9327999,-77.1524351",1
Beautiful downtown Burbank!,1
"Worcester, MA",1
City of Kansas,1
Toronto...and travelling,1
"Sacramento, Ca.",1
Kenya ,1
"Utuado, Puerto Rico",1
"Glens Falls, NY",1
"Aguadilla, USA",1
Dtx.,1
Texas Hill Country,1
Santa Rosa CA,1
"Bedford Heights, OH",1
"Baltimore, Maryland",1
Bukit Jelutong,1
"Chico, CA",1
Nova Caesarea,1
KapoSports@gmail.com ,1
High in the clouds,1
"American Dream of Weslaco, TX",1
"Santa Monica, CA",1
"Middle America, Indiana ",1
"√úT: 41.120822,-81.580023",1
Snapchat: jorge.enrique27,1
"Phoenix, mostly.",1
"Cupey, Puerto Rico / Enca ",1
AJ Pinkerton‚ô•–öatya Zamo,1
49th District of California,1
weathering a new life,1
The Bank ,1
West Palm Beach // Guaynabo PR,1
S.F. Bay area,1
"Waterford, NY",1
he/him | cio1s,1
American in London,1
Between East and West Midlands,1
china,1
Finland NO LISTS,1
Kingdom of Saudi Arabia,1
Connecticut,1
Bermuda Triangle ,1
Hells Canyon,1
"üáµüá∑isla del encanto, PURüå¥",1
"Lincoln, Nebraska",1
"Trujillo Alto, PR",1
"Mount Pleasant, MI",1
"Forest City, PA",1
"With Waldo / San Diego, CA",1
¬°Cupey en la casa!,1
Colorado ,1
"Neartown - Montrose, Houston",1
"Cheltenham, England",1
"Helsinki, Finland",1
"Mill Village, PA",1
they/them,1
"Decatur, Illinois USA",1
Looking over your shoulder,1
track and field,1
Arkansas Foothills ,1
"Castleford, England",1
The Weight Watchers‚Ñ¢,1
off to neverland,1
"Home Office, Montr√©al, Canada",1
Manhattan,1
Deep Inna Heart of Texas,1
"Alberta, Canada",1
g e g i m,1
"Kidbrooke, London",1
"Maryville, Tennessee",1
The Great State of Texas.  :),1
"Lisbon, Portugal",1
Fitzwalkerstan,1
"Milford, MI",1
"Rogers, AR",1
The 6IX,1
NY ,1
Columbus,1
"Pembrokeshire, Wales",1
NEW ZEALAND proud kiwi üëäüèΩ,1
"Chino, CA",1
"wooster,ohio",1
Brooklyn NYC,1
SoCal,1
"Ingleside, TX",1
En la pu√±eta hijeputa,1
Freefallin',1
"Towson, MD",1
"Turn around, I'm at home! ",1
Laguna Beach,1
"Santa Clarita, CA",1
Cardassia Prime,1
A place ,1
Honeymoon Ave.,1
La Colonia M√°s Antigua ,1
Turku,1
"WELLS , VERMONT , USA",1
"Athens, GA",1
üóΩUSAüóΩUSAüóΩUSAüóΩUSAüóΩ,1
D (dot) C (dot),1
"Gainesville, FL",1
Haitian Queen ,1
"Lowell, MA",1
Retired - Florida,1
Near Kingston ON,1
foekt,1
"Orem, UT",1
Atl ,1
Gulf Coast ,1
Puerto Rico----Ann Arbor,1
Dundee,1
"Locking, England",1
TARDIS,1
S.E. PA,1
Count Olaf's House.,1
"Dormont, PA",1
Waihopai; Pine Gap; Fort Meade,1
"Bowie, MD",1
LV CIUDVD ,1
Fla,1
"glasgow, scotland",1
Many ,1
In my teal chamber,1
Urie's Reflection,1
"Broken Bow, OK",1
Send me your location,1
"Hellbuquerque, NM",1
Uptown,1
"Gauteng,Johannesburg",1
Los Feliz,1
"Niagara, Ontario",1
Isla Del Encanto,1
Hogwarts ‚ö°Ô∏è,1
Chicago/Canada ,1
Oxford,1
"Monterrey, Nuevo Le√≥n",1
@SaviorEmily,1
Texas A&M University,1
Bless Tires and Wheels,1
Post-narc üíúüíõ‚úùÔ∏è‚òÆÔ∏è,1
"Helsinki, Suomi",1
Metropolis,1
"üéÉ Never, Neverland üéÉ",1
Transylvania,1
"Nanoose Bay, Canada",1
"Stamford, CT",1
"Fredericksburg, VA",1
Beautiful TN Mountains,1
"Hunt Valley, Maryland",1
lugar de los emparedados ,1
"MKE, WI",1
"V√§xj√∂, Sverige/Minnesota",1
In bed,1
Puerto Rico / Cuba ,1
NJ/PA (USA) ,1
"Beervana, Oregon",1
PR | MIAMI ,1
California ,1
wakanda,1
"Hell's Kitchen, USA",1
Mt protected by NC Ridge Law,1
"Below Ground, Detroit area",1
"M√¢con, France",1
Mar-a-Moscow,1
New England,1
Beijing,1
Western WA,1
Mexiko Stadt,1
PDX,1
Digging through your trash.,1
"Bristol, CT",1
Wherever there's danger...,1
"Stevens Point, WI",1
"Tokyo-to, Japan",1
your mom,1
"Ann Arbor, Michigan",1
amygdala,1
Right Here On The Left,1
"Dont add me 2Lists, Groups, #",1
on the interwebs,1
"Florence, AL",1
Somewhere in the U.S.,1
Somewhere stealing your man ,1
"Isla Del Encanto, Puerto Rico",1
Adelaide,1
"Gilbert, AZ",1
"Ocala, FL",1
"Geneva, Switzerland",1
Chicago: My MacBook,1
Botspace,1
"Dinas Powys, South Wales",1
"Evanston, il",1
california,1
"Alkmaar, Nederland",1
Anywhere USA,1
Chadderton,1
"La Quinta, CA",1
"Nevada, USA",1
Near James Franco,1
"Salinas, [P]a[R]adise & DMV",1
Preston/Manchester,1
the left side of an island,1
Abuja,1
Pale Blue Dot,1
Raleigh | Houston,1
"Mount Pleasant, Pa.",1
the hills,1
probably a coffee shop,1
"Allentown, PA",1
PATAGONIA,1
"Humacao,Puerto Ricoüáµüá∑/ SoFL",1
up in the woods,1
"Washington, DC Miami, FL",1
Toronto Ontario,1
the black belt ,1
"Amherst, Massachusetts ",1
brendon urie's forehead,1
"31.649167,-87.486944",1
State of Denver,1
VITORIA-ES/ BRASIL,1
Hagerstown,1
"G√∂teborg, Sverige",1
jule,1
Western Massachuetts,1
Wherever I AM,1
"Carmichael, CA",1
"Sarasota, Florida",1
"Salt Lake City, UT",1
NotSorryLand,1
"Kissimmee, FL",1
where Earth meets the sky,1
LEE ROADüëäüèøUSAüá∫üá∏LOUISIANA‚öúÔ∏è,1
"London I Surrey, U.K",1
"Peabody, MA",1
BastropTexas to Florence Texas,1
Onion Girl,1
"Centerton, AR",1
NW Florida,1
"Glen Ellen, Ca",1
"Sussex, England",1
"Frisco, TX ",1
MA,1
"Krasnovia, Ô∏ª„Éá‚ïê‰∏Ä Atropia ",1
Bedlam and Madness,1
"Las Piedras, Puerto Rico",1
Bad Bitch ‚úÖ,1
The Palm Beaches,1
"Sacramento, CA ~ Nazi Amerika",1
Mars via MN,1
Sierra Leone,1
Monticello ,1
BRONX N.Y.,1
Lexington,1
Bouffemont,1
0/2,1
Dark Side Of The Moon ,1
"La Isla del Encanto, Borik√©n",1
"Autryville, NC",1
The RepublicofsomeDemocracy,1
St.Louis Area/God's Country,1
Mt Carmel. pa.,1
GeeksResist HQ,1
Middlehurg Florida,1
incredibly close,1
wdm‚Ñ¢,1
you tell me,1
In God's Hands.,1
17,1
Santa Barbara,1
The Iron Throne ,1
lamesquad| shaking in the corn,1
Washington Heights,1
teaneck,1
Intermountain West,1
"Southwick, MA",1
"National City, CA USA",1
"Henderson, NV",1
KL,1
avfc #00 ‚öΩÔ∏è,1
 Dirty‚Ä¢$outh,1
La isla de los pensamientos ,1
Zora's domain,1
"Marseille, France",1
üá∫üá∏ USA üá∫üá∏üöÇ,1
Winnipeg,1
"Verdun, QC, Canada",1
"Brantford, Ontario",1
"FlyOver, America",1
"Cambridge, UK",1
"Bristol, England",1
"Southington, Connecticut",1
ÿ£ÿ®Ÿàÿ∏ÿ®Ÿä.,1
Under your bed.,1
New Yorker with good intentions. NYC,1
"Freeport, NY",1
KY,1
DFW,1
"Basking Ridge, NJ",1
"Ottawa, Canada",1
Northern Ireland,1
"Berkeley, CA, USA",1
"La Plata, Argentina",1
410,1
UMETB,1
komarocks..academic hardknocks,1
"Vladivostok, Russia",1
"Stanislaus County, CA",1
WISH I WAS IN VEGAS‚Äº üåÉüíÉüèΩüéäüçæü•Çüé∞üí∞,1
üáµüá∑üáµüá∑üáµüá∑,1
"Washington, PA",1
"Ohio,USA",1
Tennessee,1
Blackpool,1
"Fairfield County, CT",1
"Nairobi,Kenya.",1
boricua hasta en la luna ,1
Village Hidden In The Leaves,1
USA (EEUU),1
"oakwood, illinois",1
Minnesota,1
NYC & PR,1
United States/ Texas,1
South Florida / Puerto Rico,1
BLM / DefendDACA / Multifandom,1
Green Bay WI,1
"Winterfell, North",1
Somewhere on planet Earth,1
"Oxford, England",1
a bitch always lost ,1
"staten island, usa",1
"Salt Lake City, Utah",1
Reno Nevada,1
https://gab.ai/Wutevuh,1
PR & WV ,1
Cape Town | Johannesburg,1
m√ºrzzuschlag,1
Richmond B.C.,1
"Fairbury, IL",1
w/ Brianna ,1
"Frankfurt a/M, Germany",1
"Dartmouth, Nova Scotia, Canada",1
"Aurora, IL",1
"Trujillo Alto, PR.",1
Tahlequah ,1
Nantes,1
NewYawk,1
midwest ,1
"Mesa, Az. ",1
LifeArtist&ModernGentleman,1
somewhere down in Texas,1
Pecos  TX,1
Aberystwyth,1
Somewhere over the rainbow.,1
"Chiba City Chuo Ward, Chiba",1
NOTW,1
Honeymoon Avenue ,1
"Tishomingo, Oklahoma",1
Bo$ton,1
"Kilifi, Kenya",1
"Christiansburg, VA",1
Cloud9 w/ Adama ‚ú®,1
"Echo Park, CA",1
"Washinton, DC, USA",1
I AM FOLLOWING YOU,1
 USA,1
bobby/7 + jenn,1
"Body in Philly, Heart in Boston",1
"New York state, not city",1
Lunsford's old house,1
"Reinbeck, Iowa",1
"Cape Town,South Africa",1
Both Christian & Democrat ‚úü,1
Planet Vegeta,1
California hills,1
the world,1
"Long Island, New York",1
"Rialto, CA",1
"New Delhi,India ",1
lucio's fuckdome,1
Portland,1
Bermuda,1
 none but JESUS search within,1
Mar-A-Lago FL,1
702,1
"Diani, Ukunda",1
"Ayrshire,Scotland",1
"The Whispering Woods, Etheria",1
"DTLA, CA",1
"Lancaster, PA USA",1
Brooklyn/NYC ,1
paces square,1
Bianca's Casa,1
Naboo,1
Una Hamaca,1
Nightvale,1
Ciudad del Melao Melao ,1
Chetopa Kansas ,1
"One nation, under God",1
Toronto Canada,1
"Utah, USA",1
United State,1
"Michigan City,IN",1
District 420 ,1
El Ca√±averal,1
Weighing anchor,1
CDMX,1
Rep√∫blica de Puerto Rico,1
"Haridwar , uttarakhand",1
Adelphi,1
"Carlton North, Melbourne",1
canada,1
Santa Monica,1
arunachal pradesh,1
The Ocean,1
"Mountain Top, PA",1
"Lytle, TX",1
Dystopian hellscape,1
"cape cod, ma",1
"Savannah, TN",1
"Noblesville, IN",1
"Salem, OR Belfast, IE",1
"I hella ‚ù§ Oakland, California",1
Ailleurs ,1
Greensboro NC,1
¬°Imma be were I'm at!,1
all over the world,1
"San Francisco, CA ",1
World,1
"The World, The Universe",1
Hunter Valley ,1
Snow Bird,1
St. Louis,1
Anywhere My Iphone Is,1
"New York, N.Y.",1
"San Jose, California",1
"Central, NY",1
"Greater Denver, CO",1
Hidden Leaf,1
N.E. Oregon,1
Republic of Texas,1
Lesotho,1
Live into the vision until the vision attains itself.,1
the underwerld,1
"Redwood City, CA",1
"Vestavia Hills, AL",1
"Invercargill City, New Zealand",1
"Encinitas, CA",1
nanyuki,1
"Katy, TX",1
"Fort Mill, SC",1
