loaction,count,
"Kansas City, MO",4,
"Mississippi, USA",4,
Georgia,4,
"Mumbai, India",4,
Birmingham,4,
Europe,4,
"Memphis, TN",4,
"Indiana, USA",4,
Everywhere,4,
"Accra, Ghana",4,
Ireland,4,
"Manchester, England",4,
"Alabama, USA",4,
Finland,4,
The United States of America,4,
"Perth, Western Australia",4,
 UK,4,
"Adelaide, South Australia",4,
"Fort Lauderdale, FL",4,
Boston,4,
Cape Town,4,
Edinburgh,4,
"Fort Worth, TX",4,
Australia ,4,
Seattle,4,
"Portland, OR",4,
Paris,4,
"Marana, AZ",4,
Hell,4,
"New Jersey, USA",4,
"Durham, NC",4,
Glasgow,4,
ExLib supporter ,4,
"Cork, Ireland",4,
"Dublin City, Ireland",4,
PARODY,4,
Manchester,4,
PARODY ‚ù§,4,
The painting on your wall,4,
"Toronto, Canada",4,
Unceded Eno Territory,4,
"Ontario, Canada",4,
Washington State,3,
"Simi Valley, CA",3,
"Sheffield, England",3,
Arizona,3,
"Bloemfontein, South Africa",3,
"Nairobi,Kenya",3,
"East Sydney, NSW, Australia",3,
Republic of Texas,3,
"St Paul, MN",3,
hanxineofficial@gmail.com,3,
"Geelong, Australia",3,
scotland,3,
The Shitposting Sanctorum.,3,
"Charleston, SC",3,
"Maryland, USA",3,
Illinois,3,
"Cleveland, Ohio",3,
"Arlington, TX",3,
U.S.A.,3,
"Arkansas, USA",3,
"Long Beach, CA",3,
left-leaning liberal,3,
"Washington State, USA",3,
"Grand Rapids, MI",3,
"Ames, IA",3,
SE Michigan,3,
Iowa,3,
SOMEWHERE.,3,
"Montr√©al, Qu√©bec",3,
"Ann Arbor, MI",3,
üáøüá¶üá¨üáß,3,
Sydney Australia,3,
Massachusetts,3,
Trinidad and Tobago,3,
"Prairie View, TX",3,
Berlin,3,
Brooklyn NY,3,
"Newcastle Upon Tyne, England",3,
"Barcelona, Espa√±a",3,
"Santa Monica, CA",3,
"San Diego, California",3,
All over the place,3,
Subscribe here‚§µ‚§µ,3,
"Mont Saint-Michel, France",3,
"Cincinnati, OH",3,
Jupiter,3,
Belgium,3,
"Nottingham, England",3,
nsfw lol,3,
Ciudad Aut√≥noma de Buenos Aire,3,
"ALLover, GB",3,
"Berlin, Germany",3,
"Philly, natch",3,
"Braga, Portugal",3,
"Vancouver, British Columbia",3,
Baltimore,3,
New Zealand,3,
"South East, England",3,
"Toledo, OH, United States",3,
"New York, New York",3,
"Durban, South Africa",3,
"London, UK",3,
Sweden,3,
Townsville,3,
"Where trouble is, I'm there",3,
"Tennessee, USA",3,
"Silver Spring, MD",3,
Edmonton,3,
"San Marcos, TX",3,
"Oregon, USA",3,
"Bronx, NY",3,
Italia,3,
‚Å±·µó·µÉÀ° ∏,3,
I reside where BlackPain lives,3,
Kaurna Land,3,
"Little Rock, AR",3,
"Ater√≥n:toh, Turtle Island",3,
"Bristol, UK",3,
"Gilbert, AZ",3,
757,3,
Chandigarh,3,
AZ,3,
"Maine, USA",3,
Star Turn,3,
"Ile-de-France, France",3,
United Kingdom ,3,
Ohio,3,
"Long Island, New York",3,
"Barcelona, Spain",3,
Here,3,
313,3,
"Kansas, USA",3,
"Hollywood, Los Angeles",3,
New Orleans,3,
"Queens, NY",3,
Kualalala Lumpur ‚ö°,3,
Indonesia,2,
"Vermont, USA",2,
"Reims, France",2,
En Route to pick up beer ,2,
Kota Damansara,2,
OZ,2,
Loook at the strengthhhhhghhg,2,
World Wideüåèüá¨üáßüè¥Û†ÅßÛ†Å¢Û†Å≥Û†Å£Û†Å¥Û†Åøüè¥Û†ÅßÛ†Å¢Û†Å•Û†ÅÆÛ†ÅßÛ†ÅøüáÆüá™üá∫üá∏üá∞üá∑üáØüáµ,2,
MA,2,
"St Petersburg, FL",2,
Dar es Saalam,2,
oakland,2,
"Wrexham, Wales",2,
Kuala Lumpur Federal Territory,2,
"Boise, ID",2,
Ludhiana,2,
nowhere,2,
Sa Town Boulevard,2,
Wakanda but mostly Miami,2,
Cali,2,
Universal Mass Consciousness,2,
America,2,
"Bhavnagar, India",2,
Being a bad bitch on the side,2,
"Arras, France",2,
usa,2,
"Beverly Hills, CA",2,
North Yorkshire,2,
"Geneva, Switzerland",2,
Rez 59,2,
"Carcassonne, France",2,
"West Virginia, USA",2,
"Philadelphia, Pa Anaheim, Ca",2,
"Canberra, Australia",2,
"Aberdeen, Scotland",2,
TARDIS,2,
Pakistan,2,
Pork capital-libtard Maryland,2,
"Henderson, NV",2,
FEMA Region IV,2,
"Zurich, Switzerland",2,
NE London/SW Essex ,2,
518‚úàÔ∏èDuval‚úàÔ∏èTally,2,
the WORLD over,2,
Seatttle,2,
"Sonora, M√©xico",2,
Loui$iana,2,
"Baton Rouge, LA",2,
"Eugene, Oregon",2,
"South West, England",2,
"Edmonton, Alberta",2,
"Here, There & Everywhere",2,
Eating over at @eatwithloon ,2,
'Merica!,2,
The Ultra Renegade Universe,2,
Toronto ,2,
Chi-town Englewood,2,
Earthling Central,2,
Lesbianly,2,
TN USA,2,
London uk,2,
The Bay,2,
Beverly Hills,2,
NorCal at heart,2,
üè∞,2,
"London, England ",2,
"Chicago,illinois",2,
united states of pizza,2,
Rochester N.Y.,2,
"Columbus, OH",2,
Sheffield,2,
"Jacksonville, FL",2,
worldwide,2,
"Detroit, Michigan.",2,
"Los Angeles,CA",2,
"Birmingham, England",2,
'Merica! (Cesspool that's CA),2,
"Rochester, NY",2,
Newcastle upon Tyne,2,
H-Town,2,
Uptown Philly,2,
Global Citizen ,2,
"Essonne, Ile-de-France",2,
Somerset UK /My planet ,2,
"Bayern, Deutschland",2,
Oregon,2,
Suisse,2,
UAE/UK/USA/KTown,2,
"Salem, OR",2,
Lowell.,2,
Tinseltown,2,
Pismo Beach,2,
Nigeria ,2,
Paradise,2,
Hertfordshire,2,
" Dallas,TX",2,
"Salt Lake City, UT",2,
Arizona ,2,
"Delaware, OH",2,
Slippery Rock,2,
NJ/NY,2,
"Pite√•, Sweden",2,
"Baldwin Park, CA",2,
 USA,2,
Holdin BOFA on yo Mama's sofa,2,
Frog Hollow,2,
Mississippi,2,
"Scottsdale, AZ",2,
USA NOT INTERESTED IN MARRIAGE EXCEPT WITH THE GUY I LOVE ALREADY,2,
"Houston, TX/Tulsa, Oklahoma ",2,
"Blackmans Bay, Hobart",2,
Port Elizabeth,2,
Greece,2,
612 Wharf Avenue,2,
california,2,
Ottawa,2,
"West Palm Beach, FL",2,
melbourne,2,
"Sandton, South Africa",2,
"Fort Hood, Texas",2,
Minnesota,2,
Abuja,2,
"Pembroke Pines, FL",2,
"Stockholm, Sweden",2,
"Mountain View, CA",2,
"North Las Vegas, NV",2,
"Minneapolis, MN",2,
"New Haven, CT",2,
Hashemite Kingdom of Jordan,2,
"Kolkata, India",2,
EARTH,2,
"Birmingham, UK",2,
"New England, USA",2,
"Hell, MI",2,
"VenturaCounty,California",2,
China,2,
"Newcastle, New South Wales",2,
"Everett, WA, USA",2,
Maryland,2,
Perth,2,
Out the way,2,
Universe,2,
"Deploraville, USA",2,
"San Diego, California, USA",2,
"Kumamoto-shi, Kumamoto",2,
"Sheffield, UK",2,
TX,2,
Abroad,2,
"iNTERNET, USA",2,
"Tottenham, London",2,
Denmark,2,
Trumpton,2,
right here,2,
"Toronto, ON",2,
"West Midlands, England",2,
"Decatur, GA",2,
"Leeds, England",2,
3/1/13,2,
Halloween Town üéÉ,2,
Merica,2,
"Dickson, TN",2,
301,2,
"Airstrip One, Oceania",2,
ATX,2,
Italy,2,
Louisiana,2,
Connecticut,2,
‚ù§Ô∏è,2,
Escaped Bible Belt USA,2,
"South Carolina, USA ",2,
lgc‚Ñ¢,2,
"Burbank, CA",2,
"Nederland, TX",2,
"Tyler, TX",2,
"Longview, TX",2,
"Oxford, England",2,
"Screwston, Texas",2,
Great Trump state of Ohio,2,
"Compton, England",2,
CA,2,
Dubai,2,
somewhere in the world,2,
uk,2,
Pennsylvania,2,
Konoha,2,
F‚òÄÔ∏èREIGN,2,
Dublin,2,
"Mesa, AZ via Chi-Town and NoVa",2,
"Bengaluru South, India",2,
"Jakarta, Indonesia",2,
Wurundjeri Land,2,
"Podunk, WI",2,
"Salinas, CA",2,
"Ionia, MI",2,
"Hawaii, USA",2,
0,2,
"Vancouver, Canada",2,
"Austin, Texas",2,
"Wichita, KS",2,
Eora Country,2,
"Pretoria, South Africa",2,
where you are not,2,
"Chennai, India",2,
"Norfolk, VA",2,
"Eugene, OR",2,
"Bay Area, CA",2,
PG,2,
VIJAYAWADA CITY,2,
ig- ayshaaaxo,2,
"North West, England",2,
"Madrid, Espa√±a",2,
"Kaduna, Nigeria",2,
E-Knowhowng,2,
"Inverness, Scotland",2,
"Compton, CA",2,
my mind,2,
"Los Angeles, California",2,
"College Park, GA",2,
"Germantown, TN",2,
Brasil,2,
plus.google.com/+JaidanMaries,2,
Utah,2,
#SFMN,2,
SC,2,
13 beaches ,2,
GA,2,
Wetin be your own?,2,
221 B Baker St,2,
Pluto,2,
"Jackson, Mississippi",2,
"Alaska, USA",2,
"Beaverton, OR",2,
Jersey,2,
The Shire,2,
Neverland,2,
UK ,2,
Midwest,2,
"Fredericton, New Brunswick",2,
"Iowa City, IA",2,
on your mind,2,
"Gujarat, India",2,
Netherlands,2,
‚úâÔ∏è: derickgblonyah@gmail.com,2,
NY ‚úàÔ∏è GA,2,
Utrecht,2,
"Denver, Colorado",2,
"Bengaluru, India",2,
Thailand,2,
"Long Island, NY",2,
Universe ,2,
COMPANY OF CANADA,2,
Cyberspace,2,
 London,2,
NJ,2,
"Virginia Beach, VA",2,
A Free State,2,
"Canada, North America, Earth",2,
"West Hollywood, CA",2,
"Middlesbrough, England",2,
Bruxelles,2,
MN,2,
Nowhere,2,
Artists' Paradise,2,
"Scotland, ",2,
Hawai‚Äôi,2,
The universe,2,
Home,2,
davos,2,
Politically Correct Eliteist,2,
"Irving, TX",2,
Published by @AAIHS,2,
PG üõ´ LA,2,
Where My Paper's @,2,
Andromeda Galaxy,2,
Crooked Illinois ,2,
brisbane,2,
"Asheville, NC",2,
Detroit,2,
Japan,2,
Arkansas,2,
Europe ,2,
"Washington, DC USA",2,
Denver,2,
ucla'21üêªüíôüíõ,2,
Dharmaj,2,
Johannesburg South Africa,2,
Liverpool,2,
New Jersey,2,
Slovenija,2,
"Daytona Beach, FL",2,
TEXA$,2,
"Hunter Valley, Australia",2,
"Denton, TX",2,
Akebu-Lan,2,
"Kailua, HI",2,
San Francisco,2,
"Canberra, ACT",2,
"Watts, Compton,Tulsa, KCMO",2,
"Cardiff, Wales",2,
DM(V),2,
Australian Capital Territory,2,
South Africa ,2,
Berkshire UK,2,
West Xylephone,2,
Where I want to be.,2,
"Scotland, United Kingdom",2,
üñïüèΩ,2,
"Islamabad, Pakistan",2,
Jamaica,2,
velaris/westeros             ,2,
"Morgantown, WV & Princeton, NJ",2,
Amsterdam ,2,
GAZA- PALESTINE ,2,
"Atlanta, Georgia",2,
Your nightmares,2,
Cape York-Cairns-Warragul-Morwell-Sale-Bairnsdale,2,
Johannesburg ,2,
"El Paso, TX",2,
"Burlington, Ontario",2,
"Melbourne, Australia ",2,
SF Bay Area,2,
"Glen Allen, VA",2,
"Patonga, New South Wales",2,
Forever Docked Ashore,2,
"Richmond, VA",2,
"Marietta, GA",2,
Dairy Farm,2,
College Ave.,2,
"Seoul, Republic of Korea",2,
Chesapeake Bay watershed,2,
"Paris, Ile-de-France",2,
"Darwin, Australia",2,
"Covington, KY",2,
Nouvelle Angoul√™me,2,
916,2,
Lower Bridgford,2,
"Nova Scotia, Canada",2,
"Berkeley, CA",2,
Hollywoodland,2,
Awake,2,
üíôPascalüíô,2,
somewhere in the √¶ther,2,
ÂÆÆÂ¥é„ÅãÈπøÂÖêÂ≥∂„Åã‰øÆÁæÖ„ÅÆÂõΩ,1,
KEKISTAN,1,
Nashville,1,
"Dallas, TX USA",1,
Alemania,1,
"Blackburn, Melbourne",1,
"Warwickshire, England",1,
New Hampshire,1,
nyc,1,
Hidden Leaf Village,1,
Gaia,1,
North East,1,
"Dover, DE",1,
"Tahlequah, OK",1,
20/06/14,1,
"Malaysia, SE Asia, Earth",1,
In Dreamland for the most part,1,
United Statesl,1,
The misty mountains,1,
Geneva /Colombo,1,
Real Nigga Hours,1,
"Outside The Bubble, England",1,
Normandy and Shropshire ,1,
Flyover Country,1,
"Kingston, Jamaica",1,
Bristol,1,
Brighton & Hove,1,
Earth-616,1,
Munich,1,
"Studio City , CA",1,
instagram.com/afraidofwords,1,
Citizen of the world,1,
22,1,
"Pyeongtaek-si, Republic of Kor",1,
"North College Hill, OH",1,
"Greenville, SC",1,
"Fredericksburg, Virginia",1,
JHB | PTA ,1,
Ramanagara Bangaluru,1,
All socials @idfksean üí´,1,
"Duwamish Land (a.k.a. Seattle, WA)",1,
Texas/GA,1,
Windhoek-Paris-Yaound√©,1,
rapture.,1,
"Tacoma, WA",1,
Parc Des Princes,1,
As West As The Earth Goes,1,
"Stuttgart, Baden-W√ºrttemberg",1,
STL,1,
"North Shore, Long Island, NY",1,
Amerikkka,1,
"Weeb, ROI",1,
"Luanda, Angola",1,
"Kildare, Ireland",1,
"Toulouse, Midi-Pyr√©n√©es",1,
Cheshire UK,1,
no where,1,
"Bolivar, MO",1,
far rar away.. ,1,
"The South, United States",1,
Bill Quay,1,
"Silicon Valley, CA",1,
No quiero vivir,1,
 MN,1,
Scotland ,1,
Arcadia Bay,1,
Ccs-Vzla,1,
"navolato, sin.",1,
Anywhere,1,
347,1,
"N22, Wood Green",1,
"Airway Heights, WA",1,
Kansas City,1,
"San Benito, TX",1,
The Interwebs,1,
Oklahoma/Kansas,1,
"West Sacramento, CA",1,
"Harlem, GA",1,
"Santiago, Chile",1,
#backwoodboiz,1,
DET to BOS to DEN to SEA,1,
UhstrayalAsia,1,
The SUNSHINE STATE,1,
"Hyderbad,India",1,
Top Of The Food Chain,1,
Just over there... observing. ,1,
"Kuching, Sarawak",1,
"Little Canada, MN",1,
"jaxktown Mississippi, USA",1,
"Work-Vill, TX",1,
Anand,1,
"Vincennes, France",1,
"Chicago, IL USA",1,
" Jersey Shore NJ, USA",1,
"Hackney, London",1,
virginia,1,
Chicago 'burbs,1,
"Lansing, MI",1,
Portugal,1,
bitchass georgia,1,
In The Cut,1,
"Flagstaff, AZ",1,
header: fab ciraolo,1,
"Vacaville, CA",1,
Everywhere USA,1,
"Evaton, Pretoria, South Africa",1,
Deus Vult gab@WTS,1,
"Woodstock, GA",1,
"Broomfield, CO",1,
HollywooDMV MD‚úàÔ∏èLA ,1,
Dar es Salaam,1,
#AltRight,1,
he/him,1,
"Oslo, Norge",1,
"London, DisUnited Kingdom",1,
"Eastbourne, England",1,
Penge/Beckenham borders,1,
NAMEK,1,
"South Africa, Sandton -EL",1,
Sc:Vinny_fig28,1,
genius lab,1,
"Kabete, Kenya",1,
"Randburg, South Africa",1,
Souf Tucson,1,
806ixüíé214üíéTX ,1,
Kuala Lumpur,1,
Loughton,1,
Houston TX,1,
"North East, England",1,
"Apple Valley, CA",1,
california ‚Ä¢ ‚úñÔ∏è‚Ä¢‚åõÔ∏è,1,
Maine.,1,
"Fayetteville, NC",1,
Jay A A A,1,
Chicagoland Area,1,
The Upside Down,1,
"Neuqu√©n, Argentina",1,
Mo,1,
"mgt, venezuela",1,
Socialist Republic of CA,1,
  Nairobi ,1,
"Westwood, Los Angeles",1,
Scottish Borders,1,
Mile High City ,1,
"Crediton, Devon",1,
508‚û°Ô∏è504,1,
European Union,1,
"Grand Chenier, Louisiana",1,
"Cooma, NSW",1,
Louisville Kentucky,1,
"Lemvig, Denmark",1,
Montr√©al,1,
OGG -- MSP,1,
deceased,1,
"Hidden Leaf Village, Dallas Tx",1,
"Chattanooga, TN",1,
"Eastside Columbus, Ohio",1,
|BSU2020| E4J‚ù§Ô∏èÔ∏è,1,
Lambertville,1,
Wherever the USAF takes me.,1,
Lebanon,1,
"Akure, Nigeria",1,
Cheshire ,1,
Applebees,1,
Coatbridge/Chryston/Bellshill,1,
"Mundesley, England",1,
ÿßŸÑÿÆŸÑŸäÿ¨ ÿßŸÑÿπÿ±ÿ®Ÿä,1,
"Ontario, CA",1,
atlanta ,1,
all over,1,
1%er,1,
Geneva Switzerland,1,
"Palmdale, CA",1,
Lost in translation,1,
Raleigh,1,
Milwaukee,1,
surendranagar,1,
√ò‚Ñ¨‚Ñ∞Y ‚ù§,1,
"Marthas Vineyard, NYC, Florida",1,
slightly conceited,1,
SC: angel_cortes19,1,
"Albany, NY",1,
"WASHINGTON, PISTOLVANIA 15301",1,
"The Woodlands, TX",1,
benin city,1,
Jedi Temple,1,
This life,1,
"Trapdale, GA",1,
global citizen of humanity,1,
"Dingle, Sverige",1,
"THE Vernonvile, NY",1,
Somewhere over The Rainbow...,1,
Boxcut 7,1,
"Shipley, England",1,
"Overland Park, KS",1,
"Monroe, LA",1,
"Pasadena, TX",1,
Paradise \_(¬∞¬ø¬∞)_/,1,
"Tampa, Florida, USA",1,
Who-ville,1,
Naija,1,
Tokio,1,
"Bakersfield, California",1,
"Clio, MI",1,
Buffering.......,1,
D|B|D|f|k,1,
Dunblane,1,
Washington DC - Shaw,1,
"Cineworld, Dublin",1,
"Nampa, ID",1,
"Under a system of, WS",1,
Greater Toronto Area,1,
"Davis, CA",1,
The Earth,1,
"Rennes, France",1,
"ade, 18, s/h",1,
Montreal,1,
"Hertfordshire, UK",1,
North Texas,1,
@_FireAndIce's son/rival/waifu,1,
"Teesside, UK",1,
Nairobi ,1,
"Buffalo, NY",1,
9th Circle of Hell,1,
"Dayton, Ohio",1,
Instagram,1,
Way above the norm,1,
Isle of Man,1,
"Burlington, Iowa",1,
sc: lottsjr44,1,
Land Of Extremists,1,
"Flemington, NJ",1,
OMWTFYB,1,
"redford, MI",1,
"Windhoek, Namibia",1,
(678) 999 8212,1,
301ü§ûüèæ‚úàÔ∏èkent,1,
Working ,1,
"Bryan, OH",1,
I live in my head,1,
ùêñùêûùê¨ùê≠ ùê®ùêü ùêçùê®ùê∞ùê°ùêûùê´ùêû,1,
Deadworldorder,1,
ATL ‚úàÔ∏è ORL,1,
sc: yournothezzy ig:chillhezzy,1,
"Rome, Italy",1,
704 aka queen city ,1,
On Your TV Real Soon ,1,
Hoxton ,1,
On my couch,1,
#eTHErSEC,1,
Helix piercing ni Gal Gadot,1,
East of England,1,
Palo Gordo - T√°chira - Vzla,1,
Sudbury,1,
"Greenhithe, Kent",1,
"Pineville, LA",1,
Krak√≥w,1,
"Birmingham , AL",1,
exeter/tunbridge wells,1,
U-D Jesuit HS,1,
"California,",1,
"Hythe, Kent",1,
Dufferin-Peel C.D.S.B.,1,
Babylon,1,
"Black Mountain, NC",1,
"Belper, England",1,
Puerto Rico ,1,
University of Minnesota '20,1,
London/Canterbury ,1,
YEG... and left of centre,1,
North Van,1,
"Harare, Zimbabwe",1,
California ,1,
ig : badnessyx,1,
"Sahuarita, AZ",1,
Somewhere taking a nap,1,
amy ‚ù£Ô∏è,1,
"Wollongong, Australia",1,
In a van down by the river,1,
honeymoon ave.,1,
"Bloomington,MN",1,
"Tampa,FL",1,
Native American Land,1,
"Minden, NV",1,
From Guadeloupe to Paris ,1,
players club,1,
Hampshire,1,
Planet Houston,1,
AZANIA,1,
Snapchat: yung_lemon94,1,
Atlantis.....mostly,1,
"South Dakota, USA",1,
"Jeddah, Saudi Arabia- muharraq",1,
English South Coast & London,1,
"Franklin, Tennessee, USA",1,
Aotearoa/New Zealand,1,
Centurion,1,
Jhoto,1,
"Miami, Florida",1,
"Utah, USA | I'm nice",1,
Checri creting ,1,
"Idaho, USA",1,
Kent,1,
Somewhere Over The Rainbow,1,
D (M) V ‚úî ,1,
"Springfield, IL USA",1,
"Calhoun, GA",1,
"South Shields, England",1,
Elk Grove,1,
2 weeks from everywhere,1,
"Reno, NV",1,
From Sacramento. ,1,
"Oxford, England üá¨üáßüá¨üáßüáÆüáπ",1,
"Victoria, BC",1,
Sa tx,1,
Sullibuzz,1,
"san francisco, ca",1,
Amsterdam,1,
Asheville NC,1,
"New Hampshire, USA",1,
SE6/LS6 ,1,
East of the Indian Ocean,1,
Milehigh nation ,1,
London ,1,
#PapiNation #SoFlo,1,
D ,1,
"       Eugene, OR",1,
MLG,1,
So. CA desert,1,
"Tehachapi, CA",1,
"Baton Rouge, LA.",1,
Venezuela,1,
I n t e r n e t.,1,
L.A.via Wash.Hts./Harlem NYC,1,
Narnia or Some Sh^t,1,
BPT,1,
Winnipeg,1,
Chicago to D.C.,1,
Working towards nothing,1,
CSUCHICOü¶ä,1,
Swainsboro,1,
New England ,1,
Esgodhini sasekasi,1,
"Wedemark, Deutschland",1,
State college PA,1,
Œ¥œ∫V,1,
local mix stan,1,
"Naijaland, USA",1,
It depends. Who's asking? ,1,
here there everywhere,1,
"Hakuna Matata, Kenya",1,
"Rotterdam, The Netherlands",1,
Within My Means,1,
"Canterbury, Kent, UK",1,
"Kissimmee, FL",1,
Republic of Ireland,1,
The Black Lodge,1,
RokuVel,1,
"Lewisville, TX",1,
Village cach√© de Konoha,1,
"55.905859,-4.462658",1,
–≤ow down to —ïea—Ç—Çle –≤Œπ—Çc–Ωe—ï,1,
"right here, where I always was",1,
Atlanta ,1,
Noida,1,
south africa,1,
spintex GH,1,
"South Carolina, USA",1,
Northern Ireland | Chester,1,
Trinidad ‚úà DMV,1,
"Westchester, FL",1,
This Boy from Mars ,1,
"Heraklion, Crete, Greece",1,
Los Angeles x New Orleans,1,
still here,1,
The Hiveworld,1,
el paso / atx,1,
"Sonora, CA",1,
Bolton Point,1,
"Palm Beach County, Florida USA",1,
Gondwanaland,1,
"The Bay Area,TX",1,
Salem // Corvallis,1,
YOI maniac since 2016 ‚ô•Ô∏é,1,
rock,1,
Navy ‚öìÔ∏è,1,
"Mullica Hill, NJ",1,
Washington DC,1,
Devon / Copenhagen,1,
New Mexico,1,
Space Station,1,
where the memes are,1,
Outer Heaven,1,
Official Hater of AOL (Frauds),1,
Gugulethu,1,
"Jena, Deutschland",1,
Blk & Brown Side of Chicago,1,
"Brisbane, Queensland",1,
Views Are My Own,1,
A goat farm east of the Rhine,1,
"In a beaker. In Ohio, I think.",1,
"Curitiba, Brazil",1,
"Algoma, WI",1,
"Swing State, Ameristan ",1,
"San Jose, CA",1,
"Nowhere, CA",1,
Eldoret ,1,
Liverpool/Preston ,1,
M√ºnchen / Bayern,1,
alola,1,
New York City - But rather be in L.A. or Honolulu.,1,
snapchat: katieschoenke24 ,1,
"hell, tx",1,
SnapChat: ibrahim_dy,1,
"Ultimo, Sydney, Australia",1,
NW DC,1,
St. Elsewhere/Raleigh NC,1,
"caxias, um lugar bem longe ",1,
"Fresno, CA",1,
Sverige,1,
The Depths of Space,1,
BEing. HERE. Nüí´W.,1,
Nowhere but Somewhere ,1,
"Surrey, BC, Canada",1,
Israel - USA,1,
khartoum/Kuala lumpur,1,
Tierra del Fuego ,1,
Made In Montana,1,
"Bretagne, France",1,
Diamond Dogs(Bahrain),1,
The Rock/The Capital,1,
"Delaware, USA",1,
portland oregon,1,
505,1,
502,1,
Somewhere Over The Ocean,1,
Delaware,1,
"Vereeniging, South Africa",1,
#allblacklivesmatter ,1,
Mostly üêªüá∫üá∏ though üáøüá¶üá¨üáß‚úà,1,
N.Y,1,
Sorry Eh,1,
"Strongsville, OH",1,
Land of Sunshine and Beckys,1,
Albuquerque NM,1,
SD|LA,1,
"Round Rock, TX",1,
Pacific NW.,1,
"nellyville, usa",1,
„Äê=‚óàÔ∏ø‚óà=„Äë,1,
Maryland ‚úàÔ∏è South Carolina,1,
"Scotland, ya bass! üôåüèª",1,
Northumberland,1,
"Sioux Center, IA",1,
Lugb√∫rz ,1,
Newcastle Upon Tyne UK,1,
Malaysia aka Bolehland,1,
"Sunny SAN d i e g o . ATL, ga",1,
"Happily Married , Anthony",1,
"London, Bristol, Bath & beyond",1,
Pg,1,
Far away,1,
MAY LA FLAME LIVE FOREVER,1,
1-800-273-8255,1,
Ontario,1,
"Ocala, Fl",1,
England not Britain!,1,
Dominican Republic,1,
A place you'll never go to,1,
Macramento,1,
Leeds,1,
"Glendale, AZ",1,
Earth.,1,
 CA,1,
"PG County, MD",1,
East Sussex,1,
Laguna Beach-Rome-NYC,1,
Where i wanna be,1,
Unceded Coast Salish Land,1,
Platform 9 3/4,1,
The MYSTERY MACHEEM‚Ñ¢,1,
"Marrero, LA",1,
Reims,1,
"Fort Collins, CO",1,
canada,1,
Narrabeen ,1,
the hood ,1,
Fuck trump,1,
2300 Jackson Street,1,
"Yakima, WA",1,
kent,1,
I AM Spirit. I am everywhereüòè,1,
"sengkang, singapore ",1,
"Nawf Denver, CO",1,
Earth ,1,
MAGATX&LA,1,
Northants,1,
Nullius in verba,1,
"Jungle, TX ",1,
È¶ôÂ∑ùÁúå ÂùÇÂá∫Â∏Ç,1,
Fat,1,
Qatar,1,
"The OC!!! Orange, CA",1,
17‚Ä¢ he/him‚Ä¢ polya/qpp w/ space,1,
Northern California,1,
Earth 5 Pre-crisis/ Earth 1218,1,
NorthEast,1,
An island off the coast,1,
Sata Afrika,1,
Sur Terre ,1,
"üíó OCTOBER, save lives",1,
South Lyon,1,
Wakandan Academy of Headassery,1,
"San Francisco, Califas",1,
"Richmond, CA",1,
Southeast Texas,1,
"Savage Avenue, Charlotte, NC",1,
"the rez , AZ",1,
Mars,1,
Sin7 | Flops | LT | K-Nettie,1,
"Lexington, KY ‚û°Ô∏è Orlando, FL",1,
Castleton,1,
...Between pages...,1,
"Corpus Christi, TX",1,
"Somewhere, Out There",1,
"Somewhere in CT, USA",1,
arizona,1,
Manchester UK,1,
"Springdale, AR",1,
Outchea ,1,
"Gwent, South Wales",1,
Gnv ,1,
DC Metro,1,
"Ongjin-gun, Republic of Korea",1,
"Uniondale, NY, USA",1,
"Oxford, United Kingdom",1,
Westchester NY,1,
shady 580,1,
"Farmingdale, NY",1,
nottz | cambz üçÑ,1,
"Wales, United Kingdom",1,
Narnia,1,
"Lima, OH",1,
614|803|336,1,
Hyperbolic Time Chamber ‚è≥,1,
Bliss,1,
"Pittsburgh, Pa",1,
UK & PORTUGAL,1,
"Honolulu, HI",1,
"Niedersachsen, Deutschland",1,
"Bikini Bottom, Indian Ocean",1,
Sweet Home Chicago,1,
U.K.,1,
ÈùôÂ≤° Ê≤ºÊ¥•Â∏Ç,1,
"Forest City, NC",1,
"Bodensee, Deutschland",1,
where woso is,1,
Saguaro National Park,1,
Posted in the shit,1,
"Currently Helsinki, Finland ",1,
Always With JESUS,1,
Join the movement,1,
"Ladera Heights, CA",1,
S******d,1,
"Milton, WA",1,
"Calabar, Nigeria",1,
Tennessee USA,1,
Super Hell,1,
NY State Wine Country ,1,
"Oviedo, FL",1,
"Pretoria, Suid-Afrika",1,
"Brooklyn, New York",1,
401,1,
#America üá∫üá∏ PureFlix.com 30 days FREE Trial,1,
the Bam,1,
Germany/17/m,1,
alec casper | he/him | b t m¬≥,1,
"Perth, Scotland",1,
"Austin, TX & Portland, OR",1,
Haudenosaunee&Anishnaabe trty,1,
c j g ‚Ä¢ they/he ‚Ä¢ 20,1,
üéí.,1,
 VA,1,
ü•Ä,1,
"Devon, UK",1,
"Lake County, CA",1,
+18 | Bottom!Jungkook || Íµ≠Î•∏,1,
closer than ever,1,
fiskargatan 9,1,
Doing whatever I want ,1,
Trenches,1,
"Chicago, Illinois",1,
WorldWide,1,
dollar dollar,1,
rockchester ny,1,
Greater Florida Keys & Key Biscayne,1,
"Flexanville, France",1,
Radford University,1,
"Los Angeles, California USA",1,
727‚û°Ô∏è404,1,
"Cumbernauld, North Lanarkshire",1,
LI | binghamton,1,
(D)„ÄΩÔ∏èV ‚úàÔ∏è VA,1,
Texas // Zacatecas,1,
Albuquerque,1,
Valley of the Shadow of Death,1,
Bahamas ,1,
Panthers & hornets,1,
"St George, UT",1,
"#covfefe, USA",1,
The Tar Heel State,1,
Born in the USA,1,
BSU '19,1,
"Wakefield, MA",1,
"West Region, Singapore",1,
"Fife, Scotland",1,
"Calabasas, CA",1,
"Atlanta, GA ",1,
Alabama,1,
The Genuine West,1,
East london E3,1,
WHHS '17‚ö°Ô∏è- WVU '21üíõüíô,1,
HTX ,1,
"Sarcelles, France",1,
"Legion Of Doom, NY ",1,
In The American Neo-colonies,1,
The Scary Aberdeen,1,
"Hebron, IN",1,
The Throne,1,
Chelmsford UK,1,
blog: joelcw.github.io,1,
"Perry Hall, MD",1,
"Tecumseh, Ontario",1,
"Fargo, ND",1,
‚òÅÔ∏è,1,
brunswick ,1,
Lala Land,1,
Arakita's apartment,1,
"Newton, MA",1,
Resistance HQ,1,
"SouthGoyimLand,(((Weimerica)))",1,
he/him/his or they/them/their,1,
Kuvukiland,1,
EDISON,1,
UnderTheShadowOfTheALMIGHTY,1,
Not afiliated with VladTV ,1,
DTX,1,
Upstate New York,1,
"Island of safety, Texas",1,
63‚Ä¢64‚Ä¢974,1,
new orleans,1,
TU '18 (I hope) ,1,
"West Midlands, UK",1,
Bullsbrook,1,
Western New York,1,
SENTUL,1,
VSU,1,
"Washington, DC - Chicago, IL",1,
nyc everything,1,
"Wigan, England",1,
"Salem, Ore.",1,
Oakland / Ohlone Land,1,
"Canton, Ohio",1,
waveney valley,1,
"Kano, Nigeria",1,
Az ,1,
"Olympia, WA",1,
MY ZONE,1,
California born and bred,1,
Birmingham / 3.0,1,
"Saint Helens, England",1,
Hayti Mo ~ Oxford Ms,1,
#DMV ,1,
Republic of Calico,1,
"54.637337,-5.807058",1,
Baja - California ,1,
"Portland, Oregon, USA, Earth",1,
City of Saints. Naya Pakistan,1,
"Waukesha, WI",1,
"McKinney, TX",1,
"Bx, NY",1,
Devon,1,
Higher Learning,1,
Where I am needed! ,1,
NOT a City Girl,1,
"Corona, CA",1,
Granite State ,1,
san diego,1,
"Newark, New Jersey",1,
Singapore ,1,
Still Your X,1,
res cogitans ,1,
Behind you,1,
ÿßŸÜÿß ÿ®ŸÉŸÑ ÿ®ÿ≥ÿßÿ∑ÿ© ÿ¨ÿßŸäÿ© ÿßÿ™ŸáÿßŸàÿ¥ ,1,
"pompano beach,fl",1,
City of England,1,
"Pasadena, California",1,
"Central Florida, United States",1,
Porn shop lot flipping packs,1,
Southern Maine,1,
"Buenos Aires, Argentina",1,
"Los Angeles, CA,",1,
4thTwitter a/c! Hakt x 3 = :-\,1,
Right where I should be,1,
Subang Jaya,1,
Niter√≥i/RJ - Brazil,1,
"Cambridge, UK",1,
716‚úà864 ,1,
Melbourne ,1,
With the People. ,1,
"Vimmerby, Sverige",1,
Inland Empire ,1,
"Covington, GA",1,
RPs listed,1,
Mada,1,
"Warmsprings, Arkansas",1,
nawf,1,
Chula Vista,1,
STOLEN LAND,1,
Beaver UT,1,
Back oppsite ,1,
paname,1,
"Stockton, CA",1,
United States of America,1,
08.14.16,1,
"Where happiness leads us, USA",1,
"Decatur, AL",1,
Somewhere in the crowd ,1,
Ohtori Academy & N. Ireland,1,
she/her | NSFW at times,1,
MA‚úàÔ∏èKY,1,
Wonderland,1,
worldwide cutie, ÏäôÍµ≠ ÌÉúÍ∏∞,1
Wherever you keep the cookies,1,
Ûæì¶ Because of the Brave!,1,
859 ‚û°Ô∏è270,1,
The Hill ,1,
ZZ9 Plural Z Alpha,1,
Where ever there're tacos,1,
Dodger Stadium,1,
Chillin,1,
"Centurion, South Africa",1,
Pretoria/Johannesburg,1,
"Punta Arenas, Chile",1,
"Las Cruces, New Mexico",1,
space bound ‚ú®,1,
Somewhere in the world...,1,
chris ,1,
Silver Spring MD,1,
where I'm at!,1,
"Elizabeth, NJ",1,
London/Manchester,1,
"Belfast, Northern Ireland",1,
"Rancho Cordova, Ca.",1,
"Bloomington, IL",1,
South of Texas ,1,
"Midlands, UK",1,
"Missoula, Montana",1,
in space shoes on Jupiter.,1,
"BAY AREA, CA",1,
Nirvana,1,
"Gauteng, KZN & Western Cape",1,
European ,1,
"Plymouth, England",1,
they/them ‚Ä¢ ot7,1,
Wellington NZ,1,
"Believeland, Ohio",1,
Mud.,1,
@donnasreadinglist,1,
5 Stars 1 Moon ,1,
Ottawa/Canada, Lesotho/Africa,1
Where I needa be #757,1,
Planet Trump,1,
East Sac,1,
@PiliPeirano‚ù§Ô∏è,1,
"Seattle, WA.",1,
LIFE,1,
somewhere being great ,1,
Tyler Texas,1,
"Find Me, USA",1,
W.S occupied Los Angeles,1,
That farmhouse...there w/Kenny,1,
Kanaka Maoli trad. territory ,1,
Strasbourg,1,
"Kirriemuir, Scotland",1,
galveston islandüå¥ | pvamu,1,
Grove City Ohio,1,
NY ,1,
Republic of Lampeduza,1,
"""in Christ""",1,
Land of the Dreamers,1,
"Henderson, KY",1,
Tropical Beach!,1,
"Santa Monica & Pasadena, CA",1,
Exeter,1,
Reseda California,1,
Hartford to Miami,1,
Nulle part.,1,
Pipe,1,
"Hermosillo, Sonora, M√©xico.",1,
"Caruthersville, MO",1,
"Clermont, FL",1,
ü§òüèæüèÑüèæüíî,1,
"The Moon, third rock from left",1,
205,1,
"Sheffield,",1,
Bruxelles ,1,
"North of the Yarra, or Gate 2.",1,
"2 inches north, 9 inches south, 5 inches east",1,
PARTS UNKNOWN,1,
"29.4167¬∞ N, 98.5000¬∞ W",1,
Alsace,1,
B'ham // Sheffield,1,
801LIVIN 817L0VIN‚ù§ ,1,
https://justicedemocrats.com/,1,
East London,1,
Singin' the Brooklyn Blues. ,1,
PSL Florida,1,
satx,1,
LA,1,
Eastern US,1,
"‡§ï‡•á‡§∞‡§≤, ‡§≠‡§æ‡§∞‡§§",1,
Over the hills and far away!,1,
-0.33 -1.75,1,
"Oslo, Norway",1,
philly but gay,1,
"Studewood, Houston, TX",1,
Library,1,
roger stone's pocketwatch ,1,
with y(our) nigga,1,
3671 Cimarron Street,90018,1
"Bloomington, IN",1,
"La Quinta, CA",1,
nellüí´,1,
Shirley MA,1,
I wish I was a raccoon boy tbh,1,
westside of the galaxy ,1,
"Murfreesboro, TN",1,
"Torrance, CA",1,
"Tasmania, Australia",1,
seda,1,
"St Marys, GA",1,
"Tucson, AZ  USA",1,
kinda nsfw,1,
Dorchester ,1,
sunny california. ‚òÄÔ∏è,1,
"Broadbeach, Gold Coast",1,
Mother Earth,1,
"Valenciennes, France",1,
sleeping outside eves place,1,
Snapchat, xadamskinner,1
'Murica FUCK YEAH ,1,
The Yak ‚ú®,1,
Akron,1,
Going for an interview?,1,
London. Accra. ,1,
THE REAL ATLANTA ,1,
"Boyle Heights, Los Angeles",1,
"Dude, I'm lost again.",1,
GODfidence Blvd.,1,
whereaboutsunknown,1,
"San Bruno, CA",1,
"Greeley, Colorado",1,
"Tipton, Iowa",1,
Cheshire,1,
cali,1,
"Nairobi, kenya",1,
"Kelvedon Hatch, East",1,
"Conway, AR",1,
"State of Jefferson, USA ",1,
wonshiks nostrils,1,
BAWSTON,1,
Heather Heyers ,1,
West Coast Motherfucker,1,
"Houston,Tx",1,
Under the patriarchal thumb,1,
Reality,1,
"Frisco, Texas",1,
Southern Illinois ,1,
Falling down the rabbit hole.,1,
Lost In Shanghai,1,
"Kennewick, WA",1,
Ashburn Virginia,1,
Âè∞ÂåóÂ∏Ç taipei,1,
"Thanet , Kent UK",1,
Brooklyn ‚Ä¢ Wilmington,1,
Gotham City ,1,
Auburn/Opelika,1,
"Somewhere in fascist, lazy USA",1,
Somewhere Resisting,1,
Lame ass USA,1,
Overtownüçá,1,
Lillington NC ,1,
PARODY ‚ù§ ,1,
Los Angeles  ,1,
South Bay Oakland Northridge,1,
de_dust2,1,
tampa,1,
THE CITY..,1,
"Tomball, TX",1,
"Paisley, Scotland",1,
IDK let me know if you see me.,1,
22,1,
"Rome, NY",1,
"Bremen, Deutschland",1,
"Bothell, WA",1,
"the top of the spectrum, CA",1,
LTN/LDN,1,
"Pismo Beach, CA",1,
MgeepaDorp ,1,
Lexington KY,1,
Already Great America,1,
"Spring Creek, NV",1,
nova,1,
LiLoland,1,
izer ,1,
chicago ill,1,
"Notre Dame , Indiana",1,
hell ,1,
Lexington Ky,1,
"‚≠ê Kent, England ‚≠ê ",1,
"Africa, Ivory Coast",1,
"Odessa, TX",1,
"Watford, England ",1,
Super Mega Happy Fun Fun Land,1,
"Montana, USA",1,
Canada/U.S./Mexico love u all.,1,
Hoseok's bed,1,
Las Vegas Nevada.,1,
xo. ,1,
"Shoreline, WA",1,
Kingdom of Saudi Arabia,1,
"Barcelona, Catalunya",1,
No Boundary,1,
"Rennes, Bretagne",1,
brisbane qld australia ,1,
HYRULE,1,
225,1,
West Side 96792,1,
"Mayag√ºez, Puerto Rico",1,
Cura√ßao,1,
"In The Cuts, Kenya",1,
University of Utah,1,
"Athens, GA",1,
None of your damned business,1,
Millbank,1,
Forever I ‚ù§Atlanta #Cheercoach,1,
" Johannesburg, South Africa",1,
MO WORLD/  RuffRyder,1,
nonya,1,
Bmore,1,
in her heart ,1,
"Paradise, A Peaceful Place. ",1,
disappointment ave,1,
SomewhereBeingADog 5.2.9,1,
NYC // Hamptons,1,
"Forest Grove, OR",1,
Middle Earth,1,
Mars.,1,
Team Freeletics,1,
Somewhere Making Beats,1,
new haven,1,
Behind You.,1,
"Las Vegas, NV.",1,
Hampshire UK,1,
Miles From Earth,1,
https://twitter.com/marvin_hil,1,
African Goddess Universe,1,
The Earth ,1,
Here and there,1,
"Hooksett, NH",1,
Somewhere in the Midwest,1,
"Hesperia, CA",1,
3 SIX 1,1,
"Las Cruces, NM",1,
"Kharkov, Ukraine",1,
"Preston, England",1,
"Darlinghurst, Sydney",1,
Usa,1,
CyberSpace,1,
"Indian Trail, NC",1,
 dissociating ,1,
YORKSHIRE ,1,
luxembourg new york paris.,1,
snap: @nickt0rres,1,
"Antalya, T√ºrkiye",1,
Sophia & Cora are fam,1,
#1 stan nagihiko+rima,1,
CDMX,1,
Bonnaroo,1,
Cape Town South Africa ,1,
Chick-Fil-A,1,
West is the Best,1,
"Moreno Valley, CA",1,
Keramat,1,
Hague School,1,
NorCal | SoCal | New England,1,
"Houston , Tx",1,
nl,1,
Cali(fornication),1,
"Moses Lake, WA",1,
Chiraq,1,
houston tx,1,
"Wright, AR",1,
Kappy | ‚ôÄ| ‚ôàÔ∏è | üè≥Ô∏è‚Äçüåà,1,
"hollywood,CA",1,
RSA ,1,
Portsmouth UK,1,
ÔΩêÔΩèÔΩíÔΩîÔΩåÔΩÅÔΩéÔΩÑ/ M i c h o a c a n,1,
"Athens, Greece",1,
816,1,
Durban South Africa,1,
"Perth, Australia",1,
"Seat Pleasant, MD",1,
"Leicester, England/Paris (95)",1,
Fire Island,1,
"Fallon, NV",1,
"Camp Pendleton North, CA",1,
FROMELKHARTANDCUDAHY,1,
"Maca√≠ba, Brasil",1,
Chile / Australia,1,
"Emskirchen, Deutschland",1,
New York City‚úàÔ∏èGlobal,1,
"Meteobusi, Deutschland",1,
On ur following list,1,
 Profile,1,
Great Britain,1,
"Townsville, Queensland",1,
"Santa Clarita, CA",1,
"Cheektowaga, NY",1,
vancouver. bc,1,
"Aledo, TX",1,
So NJ#CCOT,1,
Palmer Park nigga!!,1,
CLE ,1,
"‡§®‡§æ‡§∂‡§ø‡§ï, ‡§≠‡§æ‡§∞‡§§",1,
ÊÑõÂ™õÁúå Japan,1,
Miami Lakes,1,
the convict colony,1,
riyadh ksa,1,
4100 Silver SE #105 Albuqueque,1,
"Hustletown, Tx! ",1,
noneyadamnbusiness,1,
"Conshohocken, PA",1,
Tolleson,1,
Havertown,1,
"Rizal, Calabarzon",1,
"Provincetown, MA",1,
"Myrtle Beach, South Carolina",1,
D[M]V‚úàÔ∏èAtlanta,1,
Canada ,1,
Mange ridden ,1,
"Streator, IL",1,
"British Columbia, Canada",1,
Skull Mountain ,1,
"DH,NL",1,
"Lone Star State, USA",1,
runninmybansuppppüí∞,1,
"New Delhi, India",1,
Texas Hill Country,1,
"Edmond, Oklahoma",1,
PVAMU,1,
Telfs ,1,
LAS VEGAS,1,
standish,1,
ny,1,
Soon to be unemployed,1,
Chicago and Brooklyn,1,
"Rio de Janeiro, Brasil, Jacare",1,
"Winnipeg, MB",1,
Ball'n,1,
Rack City,1,
"Cedar Rapids, IA",1,
somewhere in the crowd,1,
Dundee,1,
"Gloucestershire, UK",1,
Isla De Muerta ,1,
"Fort Benning, GA",1,
"Halifax, Nova Scotia",1,
"glasgow, scotland",1,
my mortal body is in india,1,
Beirut - Lebanon (Middle East),1,
IN ‚úàDC ‚úà FL,1,
"GA,NY & DM[V]",1,
"Orange County, CA",1,
*Houston * ,1,
"Glenwood Springs, CO",1,
somewhere being that bitch ,1,
"donna, tx",1,
NC,1,
"Neptune Beach, FL",1,
"Brooklyn, United States",1,
—ïœâŒ±g ‚ù§ (spy on cheaters) ‚Ü¥,1,
w/Ryan,1,
"Columbia,SC",1,
North Canton,1,
"Middle of Nowhere, WA",1,
"Sachsen, Deutschland",1,
C609,1,
PG|MD,1,
"Norman, OK",1,
down to earth,1,
"Houston, Texas",1,
where the wild things are,1,
Amerikwa,1,
"Chelmsford, MA",1,
a l a s c u u h üíô,1,
$$Pg,1,
   ,1,
m.bhatia@bbk.ac.uk,1,
"Brest, France",1,
"342 Norwich O West Palm Beach, FL   33417 Help",1,
Mecca ,1,
"Live Oak, CA",1,
"Ashwood, Melbourne",1,
kitchen,1,
Harlem ‚úàÔ∏èLouisiana‚úàÔ∏è Dallas,1,
üá∫üá∏ üá´üá∑,1,
"Atl, GA",1,
"Anamosa, Iowa",1,
Strathmore - Scotland ,1,
Yolo County California,1,
"Cohasset, MA",1,
 #Virgo‚ôçÔ∏è,1,
"Sheboygan, WI",1,
"Miami Beach, FL",1,
"Clear Lake, Houston",1,
"Location: don't know where I am, Google Maps won't load",1,
Moldova,1,
"Harrisburg, Pennsylvania",1,
Aotearoa,1,
443/Enemy territory,1,
37¬∞50'S 145¬∞0'E,1,
"Aldie, va.",1,
philadelphia pa // columbus oh,1,
Sherwood Forest - RV Park üò≥,1,
"Nashville, Tennessee",1,
"Coventry, England",1,
kelowna,1,
"Kampala, Uganda",1,
Totland,1,
2 Tired 2 Care,1,
"Haarlem, Netherlands",1,
Central,1,
czech,1,
"Brighouse, Yorkshire",1,
"Victoria, Australia",1,
"Laid low,TX üìç",1,
"East Ayrshire, Scotland",1,
Las Vegas,1,
Heartland of America,1,
416,1,
414,1,
Pateros,1,
NC/SC,1,
Twitter. Forever.,1,
Punish Land,1,
siyabonga@papsa.co.za,1,
Brazil,1,
Right at Redline !,1,
"Atlanta, GA \ Montgomery,AL",1,
FOLLOWS YOU,1,
"Gillingham,UK",1,
DC ,1,
 Guam ,1,
one more time!!,1,
301 ‚úàÔ∏è 540,1,
just ask,1,
The Vampire State,1,
"Newcastle,Australia",1,
just below low earth orbit,1,
The Imperial Core's core,1,
glasgow,1,
"Ramsey, MN",1,
Ocupying #space using #Oxygene,1,
South of Africa,1,
La terre du millieu,1,
North London,1,
i am from charlotte,1,
"Houston, Texas USA",1,
 California USA,1,
"Mankato, MN",1,
"Horse Country, VA",1,
"Cairo, GA",1,
where the buffalo once roamed,1,
mostlikelyatErichouse,1,
In a book,1,
"East Missoula, MT",1,
"Chapel Hill, NC",1,
Aledo Tx ,1,
HI state of mind,1,
mcr,1,
 ‚Å∫‚úß. ÔΩ°  | Ravenclaw | ‚Å∫‚úß. ÔΩ°,1,
"St. Mary's County, MD",1,
In God's Hands,1,
"Selangor, Malaysia",1,
"Dorado, Puerto Rico",1,
254,1,
Body: Calif., Spirit: Ladakh,1
searching for humanity,1,
Arras / Paris ,1,
"Atl Bch, Florida/Amarillo, TX",1,
"Upstate New York, USA",1,
"CoDE, Manchester",1,
Glesga,1,
"Somewhere, HMO",1,
"Hauts-de-Seine, Ile-de-France",1,
"Piraeus, Greece",1,
$outh Dope City ,1,
fuck land,1,
"Milwaukee, WI",1,
"Downtown, Portland",1,
Wilmington DE,1,
"South Central Los Angeles, CA",1,
Workington ,1,
"WesLITco, Flexa$",1,
Pacific NW // Spain,1,
Tampa,1,
why u care?,1,
Cornwall UK,1,
"Evergreen, CO",1,
Ô£ø,1,
"Ottawa, Canada",1,
"USA, Earth, Universe",1,
"West Riffa, Bahrain",1,
Aisle 5,1,
"Capetown, South Africa",1,
Making Bad Decisions,1,
Hamilton,1,
Manchuria,1,
"S√£o Paulo, Brasil",1,
Upper Lower Inner West,1,
"Standish, England",1,
Winc,1,
"East Lansing, MI",1,
"52.08752,5.139863",1,
Black City,1,
"Newark,NJ",1,
"New Delhi, Delhi",1,
"Another Planet ,TX",1,
south ldn,1,
"Germantown, MD",1,
"Vancouver, WA",1,
IG: Blnqfuya,1,
the bay 2 mia,1,
Somewhere in outer space,1,
tej√°s,1,
10880 Malibu Point. 90265,1,
"Earth, Milky Way.",1,
iu,1,
Nah,1,
804 - VA,1,
Wrexham ,1,
Êù±‰∏âÊ≤≥,1,
                 FAU,1,
davenport,1,
"Billings, Montana",1,
Cleveland,1,
"Redondo Beach, CA",1,
Dat Way! ,1,
working on it ,1,
nashville cashville,1,
"Peel, On. #PeelBlackHistory",1,
NJ‚úàÔ∏èSC,1,
"Arizona | Jalisco, M√©xico",1,
"Nanaimo, British Columbia",1,
"Stow, OH",1,
About town,1,
NYC / Memphis,1,
Spalding,1,
"Bavaria, Germany",1,
‚ô°,1,
New York to Texas connection,1,
Flagstaff AZ,1,
"southern Alberta, Canada",1,
Stone Staffordshire,1,
"Charlotte, NC ",1,
"Hermosillo, Sonora",1,
Seattle-ish,1,
Hoopin,1,
"Ireland, with y(our) man",1,
montana,1,
In your wardrobe,1,
"Snoozeville, USA",1,
Ask ya mama,1,
UT Dallas,1,
Switch FC: SW-4250-5609-0229,1,
Trump's America üòé,1,
"Sastamala, Suomi",1,
WA‚úàCA  SJSU ATŒ©,1,
"Barcelona, Catalu√±a",1,
Ruining the diamond industry,1,
"Richelieu, Qu√©bec",1,
In His Universe,1,
sp00ky town,1,
"Edmonton, Alberta, Canada",1,
"San Antonio,Republic of Texas ",1,
"Hollyhood, fl",1,
"Chignahuapan, Puebla, M√©xico.",1,
j l „Ö° kth‚ô°,1,
"Jaipur, India",1,
"Lorient, France",1,
Cul De Sac,1,
Btshinee & ggs,1,
hells waiting ,1,
The Third Heaven,1,
In Space.,1,
cctx/satx,1,
Where the records are,1,
"Bayside, Queens",1,
"Ho Chi Minh City, Viet Nam",1,
"Windsor, ON",1,
"Kailua Kona, HI",1,
Chris Evans' Face,1,
where the food goes ,1,
vagaboning ,1,
"Mclain, MS, U.S",1,
"Hollister, CA",1,
"Anytown, USA",1,
"tarragona, spain",1,
"Lakeland, FL",1,
flickersos,1,
"Wake Forest, NC",1,
Planting seeds,1,
In the place 2B Califaztlan.,1,
CityOfSmartPlebsInTheFailedEU,1,
"Melbourne, Victoria, Australia",1,
The Great GA,1,
Calculating...,1,
"The Fog, CA",1,
Acworth Bih,1,
In a bottle. Just rub. ,1,
Angola,1,
Harry Herpson High School,1,
Where The Wild Things Are,1,
Theatre Of Dreams,1,
"Brighton, England",1,
NI/Ireland/UK,1,
"Meridian, MS",1,
Somerset/ london ,1,
315//401//315,1,
he/him/Mantis,1,
Port Huron,1,
"atl shawty, zone 1, ",1,
"Geneva, Kampala, Kuala Lumpur.",1,
bodyrolling to Travis Scott,1,
"Midgard, Yggdrasil",1,
"Madison, WI",1,
BFE,1,
The Ave ,1,
Eastern Cape Farms,1,
"Harrisburg, PA ",1,
"Louisville, Ky ",1,
'murica,1,
tom is such a dad,1,
"Alpine, CA",1,
"Kalamazoo, Michigan",1,
"La√¢youne, Royaume du Maroc",1,
en Route,1,
"Northern Ireland, United Kingdom",1,
"EarthRelm, Lafayette337",1,
"Atlanta, Georgia, USA",1,
"Haddonfield, IL",1,
St. Louis,1,
London  ÿ≥ÿßŸÖŸä ÿßŸÑÿ±ŸÖÿ∂ÿßŸÜŸä         ,1,
fuck knows,1,
"Stoke-on-Trent, England",1,
704,1,
got7 landfill,1,
LIVING..üá≠üáπ,1,
"Indio, CA ",1,
Springfield IL,1,
Sing Sing,1,
Breathing down your timeline.,1,
Icon credit kit-chats on tumbl,1,
"Fort Wayne, Indiana",1,
In yo room,1,
w/ aline,1,
NuyoRican planted in South NJ,1,
EVERYWHERE U AINT #OnTop,1,
???????????????,1,
Anville (Outlet 360),1,
"Kapolei, HI",1,
Gateshead,1,
world wide web,1,
"Worldwide, wherever Love is...",1,
suburb in wny,1,
"Laughlin, NV . ABQ NM",1,
Wendys,1,
"Pulkau, Austria",1,
"Utah Lake, Utah",1,
"Granite City, IL",1,
indy,1,
Curving yo girl,1,
"Ca√±on City, CO",1,
"Clearwater, FL",1,
2330,1,
SLC,1,
"South Africa, Mthatha",1,
"Auckland, New Zealand",1,
Punk ass Oklahoma,1,
Waffle House wit Myon,1,
Leighton Buzzard,1,
"~ JHB, South Africa",1,
The Nawfside,1,
State of Florida #tlot,1,
"Berkeley, California",1,
Yugo,1,
 East Riding of Yorkshire,1,
The Planet/WindyCity/Ca$hville,1,
"Atlanta, Ga.",1,
"Cornwall, UK",1,
Ëä±Ê®£Âπ¥ËèØ in LOOŒ†ŒîVERSE,1,
B'ham‚Ä¢Biloxi‚Ä¢NOLA‚Ä¢Panama City,1,
The Mitten State & Around,1,
York,1,
Killing mon el,1,
Zeta Reticuli &Epsilon Eridani,1,
"Fairfield, CA",1,
"Harrisburg, PA...717",1,
"Busan, in Jimin's heart",1,
"Straya, Cunt",1,
Central west nsw,1,
"Bay area,CA",1,
in my own space,1,
N. Carolina,1,
"Naples, FL",1,
Hotel room,1,
The High Ground,1,
Thriving In Basedworld,1,
Pg county,1,
Over The Hills and Far Away,1,
wide worlds ebb üï∏ || 949,1,
#Don #AriStan #NovaNation ,1,
Houston Texas ,1,
Halloween Town (Norway),1,
"HELL, USA",1,
tu vois cergy ? √† cot√©,1,
Martesana - NordEst Milano,1,
los angeles (tongva territory),1,
"Wassenaar, Nederland",1,
"Colfax, WA",1,
"Magee, MS",1,
"camp half-blood, athena cabin",1,
"Bowling Green, KY",1,
"Scott Lake, FL",1,
"Homestead, FL",1,
Heartland USA,1,
Kilifi,1,
"Brownsville, Brooklyn, Texas ",1,
"A Brick Wall, USA",1,
Berlin ,1,
Columbia Sky,1,
Mitakihara,1,
Disneyland,1,
"Norwich, CT",1,
London and Essex,1,
"Hermosillo, Sonora, M√©xico",1,
unknown,1,
"Conroe, TX",1,
"Berkeley, CA/Amsterdam, NL",1,
The Arsenal.,1,
RightBesideReSisters,1,
Canada Water London,1,
"‡∏≠‡∏£‡∏∏‡∏ì‡∏≠‡∏°‡∏£‡∏¥‡∏ô‡∏ó‡∏£‡πå, ‡∏õ‡∏£‡∏∞‡πÄ‡∏ó‡∏®‡πÑ‡∏ó‡∏¢",1,
"Tec√°mac, M√©xico",1,
"Romeland,MS",1,
valenwood,1,
"Broederstroom, South Africa",1,
Saturn's Rings ,1,
Paris/Vitry,1,
"Fortitude Valley, Brisbane",1,
"Belleville, IL",1,
hiro ‚Ä¢ she/they,1,
"Black Notley, Braintree, Essex",1,
The Earth is my Turf!,1,
Orlando Fl ,1,
"South Carolina, USA / SA",1,
"North Brunswick, NJ",1,
"Music City, USA - NashVegas",1,
Waldorf Maryland,1,
"Sydney, Australia ",1,
KL,1,
"Bristol, England",1,
in denial,1,
The Careless Urban Sprawl,1,
Upper East Side,1,
Vidalia Louisiana,1,
tokyo ,1,
Antisocialü§ê..,1,
Philippians 4:13,1,
London/UK ,1,
Uranus,1,
Clignancourt,1,
"The Sticks, MO",1,
"Speakers Chair, House of Twits",1,
Cali üå¥,1,
Praying and meditating,1,
845/610 ,1,
Bophuthatswana,1,
Brisbane,1,
kawempe,1,
Somewhere‚ú®,1,
"Inverness, Bonnie Scotland",1,
InDaColoradoVapors,1,
"Wauconda, IL",1,
Happy Valley,1,
P'cola Flawda ,1,
"atlanta, ga",1,
The Greatest Nation~Wild West,1,
Failed state of Kansas.  ,1,
"Merrick, NY",1,
"Diamond Bar, CA, USA",1,
mn,1,
NorCal,1,
Maryland ,1,
‡Æâ‡Æ≤‡Æï‡Æø‡Æ©‡Øç ‡ÆÆ‡ØÇ‡Æ§‡Øç‡Æ§‡Æï‡ØÅ‡Æü‡Æø ‡Æµ‡Øà‡Æï‡Øà‡Æï‡Øç ‡Æï‡Æ∞‡Øà ,1,
"Off the Grid, El Paso, TX",1,
he/they,1,
Buckeye State,1,
"Coimbra, Portugal",1,
"Adelaide, Australia",1,
Blark Bounty,1,
CO ‚úàÔ∏è AZ,1,
chicago,1,
√Åsgard,1,
In the park,1,
"Toronto, sometimes Chicago",1,
British Columbia,1,
Fantasia ,1,
"Miami Beach, FL / Tampa",1,
"Stand Up or Shut Up, USA",1,
NPL-AUS,1,
Accra,1,
South Philadelphia ,1,
lyok√¥ ‚Ä¢ sarahüñ§,1,
"San Antonio, Texas",1,
"Boise, Idaho",1,
"Knysna, Western Cape",1,
"Rockaway, NJ",1,
TO.ronto ,1,
Oakland,1,
Cardiff,1,
"17, she/her, bi",1,
The land that time forgot,1,
emotionally unavailable. ,1,
FL Studio / MKE,1,
LA‚ï≥uganda‚ï≥bama‚ï≥dallas‚ï≥in-n-out,1,
listen boi mah pers lab stori,1,
"Doctor Phillips, FL",1,
Stuck in my head,1,
Kisumu,1,
Castle Oblivion,1,
From the D,1,
Derby,1,
408 ‚úà 209,1,
L.A. West~grew up in SG Valley,1,
Cloud 9,1,
716,1,
‚ù§Ô∏è H A P S A H ‚ù§Ô∏è,1,
Gulfport‚Ä¢Baltimore‚Ä¢Manhattan,1,
"Los Angeles,California",1,
"nairobi, kenya",1,
"Oxnard, CA",1,
ATL/HOU,1,
716,1,
"Lake Forest, CA",1,
HenderSin NV,1,
Saint Petersburg/Makurdi,1,
 Yorkshire,1,
üá∞üá™,1,
+62 | ot7,1,
Straya,1,
All Around North America,1,
Cyberjaya Malaysia,1,
NW Iowa || Japan || SoCal,1,
"North Chicago, IL",1,
"Inglis, FL",1,
CPS,1,
Warshington,1,
"Arcata, CA",1,
Winnersh Berkshire,1,
"Rhode Island, USA",1,
"SW Washington State, USA",1,
$traight $ervinG,1,
"Danville, CA 94506",1,
Colo Yolo,1,
"DigitalWorld, File Is, Capital",1,
"Shaka, when the walls fell.",1,
Glenrothes,1,
610,1,
White-Right (White Country),1,
ig/sc @braizonaaaa,1,
location: Crypt of Lieberkuhn,1,
The Twiwhite Zone,1,
"Oklahoma, USA",1,
DCLXXI,1,
straight out of north carolina,1,
Dunya ,1,
EVERY WHERE Important tweets,1,
"Aachen, Germany",1,
KDramaland,1,
Burlingame Ca,1,
"Port Shepstone, South Africa",1,
From The Ville,1,
ELYSIAN,1,
#MuslimLivesMatter,1,
In The Wind,1,
Houston Tx ,1,
"Oakham, England",1,
Gold Coast Australia,1,
Work ,1,
Was uns am Herzen liegt,1,
Ëá≥‰∏äËÄÖ,1,
cleveland state university ,1,
"Matosinhos, Portugal",1,
YouTuber,1,
"Edmonton, Alberta Canada ",1,
Tennessee,1,
The radical centre,1,
The Shadows,1,
Belfast ,1,
USA ,1,
Rocky Mountains ,1,
"Surrey, British Columbia",1,
Malaga Spain,1,
"houston, tx",1,
IG: lonelunatic,1,
Rwanda,1,
"Lakewood, NJ",1,
"Barcelona,Spain",1,
"Fort Hood, TX",1,
"Tampa, FL",1,
"La Crosse, Wisconsin",1,
harlemworld usa,1,
forever young,1,
dual citizen of heaven,1,
"Near Seattle, WA",1,
Kissland,1,
Indianapolis,1,
"Huddersfield, England",1,
"Lambeth, London",1,
"Ormond-by-the-Sea, FL",1,
Socialist republic of kekistan,1,
At war w/ myself ,1,
"Cambridge, NYC, Cape Cod ",1,
Nairobi || Kenya,1,
ig: fajitayy,1,
Asteroid B612,1,
up in dis BEESH finna crunK,1,
"Brixton, England",1,
Scarsdale New York,1,
london / bangalore,1,
S.A.F.B.O.D ,1,
Girly girly world.com,1,
the abyss,1,
The QC ‚úàÔ∏è Duh P,1,
SinLand‚Ñ¢,1,
Always in a good place ‚úåÔ∏è,1,
6th october city/ Mansoura,1,
Nevada,1,
"Brenham, TX",1,
Your mamma's kitchen,1,
Private Location,1,
Cat City // Cal Poly SLO,1,
Cambridge UK,1,
Daniel 11:32b,1,
ASU ‚Ä¢ UT also lol,1,
19/‚ö£/NC  / AD: @velvet_supreme,1,
"Brunswick West, Melbourne, Australia ",1,
DMV‚úàÔ∏èAtl,1,
"Saint Louis,USA",1,
jaxbeach904,1,
El Paso,1,
Rolling Papers,1,
"Bodymore, MD",1,
The South,1,
"Oakland, California",1,
"Dumfries, Scotland",1,
where rami is„Ö§,1,
Lahore Pakistan ,1,
Sri Lanka,1,
on the turtle's back,1,
fake once and snekarmy,1,
Burntisland ,1,
‚ù§USA ISRAEL  MILITARY ANIMALS ,1,
KC Is Da Town Foo,1,
"Bury, England",1,
Little England,1,
"Fort Pierce, FL",1,
Jockastan / Fife / Dundee,1,
?,1,
"Huntsville, Ontario",1,
Harbass Region (hidden),1,
Your Mum's House,1,
"decatur, GA",1,
910‚úà404,1,
thikaroad,1,
"Gotham City, MD",1,
From West Texas,1,
"83rd St. Los Angeles,CA",1,
Don't DM me ,1,
marketing/pr major,1,
"Not there, here! ",1,
home,1,
Lives within 5 km,1,
Benin. Aspiring New Yorker,1,
"Milton Keynes, England",1,
Rishikesh.üëçüëç,1,
Somewhere,1,
"South Whittier, CA",1,
cr: crooked kingdom,1,
Somewhere stranded in SA,1,
Bom Bae,1,
Here and There,1,
"Baden-W√ºrttemberg, Germany",1,
"Deutschland, Stuttgart",1,
 From Hell,1,
"Lyon, Rh√¥ne-Alpes",1,
w/ Î∞©ÌÉÑÏÜåÎÖÑÎã®,1,
NJ // IN // MI,1,
Wakanda,1,
CHI‚úàÔ∏è. ‚ù§Ô∏èREST UP DAD‚ù§Ô∏è,1,
justin,1,
üò¥,1,
Gaul and Germania,1,
Newfoundland,1,
eng/‡πÑ‡∏ó‡∏¢/‰∏≠Ôºõthey/them,1,
Merica!,1,
Gulf coast,1,
"Mississauga, Ontario",1,
"Onett,Eagleland",1,
"Dallas, Texas",1,
"Bangalore, Bharata",1,
Shawnee -- Lawrence,1,
"Ewing , NJ",1,
"Bethnal Green, London",1,
In ass,1,
LA - ATLANTASTAN - 6IX,1,
"Albuquerque, New Mexico",1,
10 Rillington Place,1,
PlanetEarthButSometimesIWonder,1,
Place you're trying to boycott,1,
üáµüá≠üá®üá¶,1,
"Tallahassee, FL",1,
Scotland.,1,
"Upland,CA",1,
United States of .....,1,
"Great Britain, Europe",1,
"Monmouth County, NJ",1,
"Taylor, MI",1,
Argentine,1,
Argentina,1,
"Manchester, UK.",1,
260,1,
"Glenpool, OK",1,
"Danapur, India",1,
"Louisiana SSR, New Afrika",1,
library,1,
Esher Surrey,1,
"Portland, Oregon",1,
"Montclair, NJ",1,
London.,1,
OakCliff to C-Stat,1,
Je suis globaliste,1,
Northern Ireland,1,
"Grand Junction, CO",1,
"minding my business, texas",1,
"Toronto, Turtle Island  @PAACEonthemove",1,
"North Springfield, VA",1,
"In a Galaxy Far, Far Away ...",1,
Guam,1,
Your gal's DMs,1,
Fashion,1,
TEXA$ ,1,
Right where I need to be,1,
Nelson Mandela Bay RSA,1,
"DeKalb, IL",1,
Wherever I am,1,
new yark,1,
"Amsterdam, The Netherlands",1,
nyc ,1,
vmas 2009üíó,1,
"Bromley, London",1,
"Auckland NZ & Seattle, WA, USA",1,
Bolivia,1,
shlumpin ,1,
Wherever I wanna be,1,
‚ùóÔ∏èClickLink‚ùóÔ∏èüëáüèºüëáüèº,1,
"Auckland, NZ",1,
"Alamogordo, NM",1,
Probably watching a film,1,
where else?,1,
Los Banos California,1,
"Chester, UK",1,
"Santa Maria, CA",1,
HENNYTHING is Possible,1,
Delhi India,1,
18 Till I Die,1,
"District of Columbia, USA",1,
Vancouver,1,
#NoMAGAtardsland aka #Chicago,1,
"Cleveland, OH or Chicago, IL",1,
"East Coast, United States",1,
Baltimore Maryland,1,
Sacred Time,1,
Lost in the booty ,1,
A,1,
Western Sydney,1,
East L.A.,1,
Planet Earth ,1,
Saturn  ,1,
Washington DC (aka Mos Eisley),1,
Jet-setting Diva. ,1,
Riyadh,1,
"Brunswick, Maine",1,
neb/lev. 17. he/him. bpd.,1,
"suad, iman",1,
Darlington S.C.,1,
"York, PA",1,
Tampa ‚ú® Chatt town,1,
"Santa Ana, CA",1,
"Walla Walla, WA",1,
Bendigo,1,
"The Rice Fields, Philippines",1,
"Milan, Italy ",1,
Crippling depression,1,
"Golden, CO",1,
StarySobor,1,
"Crystal, Minnesota",1,
north country boy / hackney,1,
"houston, texas ",1,
"Battle Ground, WA",1,
SF,1,
Estero Salado,1,
Chingford,1,
"√Ø¬ø¬ΩT: 34.863421,-82.70503",1,
Down Under,1,
#914,1,
KEY WEST FLORIDA,1,
north west Ohio,1,
"WestEnd, Puritan Ave ",1,
afrika,1,
Flo's V8 Cafe,1,
Pontefract,1,
"iPhone: 43.021152,-83.672470",1,
Dayton,1,
fuckin shit upp with lexx,1,
South Central,1,
The Unknown Planet,1,
Flog Central,1,
FKSGWCT,1,
Texas USA,1,
stonehaven,1,
"Fort Myers, FL",1,
Somewhere ,1,
Our Nations Capital,1,
Turks and Caicos Islands,1,
"Darwin, Northern Territory",1,
‚ô° h s.u.b‚Ñ¢ ‚Äì flower sep. 26 ‚ô°,1,
Southern MD,1,
Bokone Bophirima,1,
315 or 901?,1,
"Hilbert, WI",1,
sesame oil tin ,1,
Sephora or a basketball court,1,
Room 541,1,
Seychelles,1,
"Laguna Beach, CA",1,
"Milwaukee, Wisconsin",1,
Chelsea,1,
Los Angeles ,1,
"Azarab Farms, NGR",1,
Hyrule,1,
"Huntsville, Alabama",1,
"Riverside, CA",1,
"Monadnock Region NH, USA",1,
"Greensboro, NC",1,
Sol III üåç,1,
North Amexem,1,
l e v i ' s h e a r t ,1,
Cali for a bit,1,
straight outta Benoni bruh ,1,
Tour de France,1,
Earth üåè,1,
LAS VEGAS/NEW YORK/MIAMI,1,
"Ardmore, PA",1,
Pretoria,1,
DMV ,1,
Jakarta - indonesia,1,
"Stockholm, Sverige",1,
¬Ø\_(„ÉÑ)_/¬Ø ,1,
"Braziers End, South East",1,
"Hull, England",1,
"DeLand, FL",1,
Aztl√°n via The Cosmos,1,
"Northampton, MA",1,
"Vancouver, Canada ",1,
I'm with her!,1,
Johannesburg || Bolobedu,1,
‚ìã b + p,1,
slightly left of center,1,
United States ,1,
Lover | Dreamer | Realizer ,1,
"Duren Sawit, Indonesia",1,
"Spey Bay,  Moray, Scotland",1,
Metaverse ,1,
Uptown Atlanta Hitsville USA,1,
United Kingdom-Cameroon-USA,1,
"Elk Run Heights, IA",1,
New York City/NJ,1,
DMV holdin it down,1,
SE LDN/Liverpool/Manchester,1,
"Winnipeg, Manitoba",1,
"Varanasi, New Delhi, India",1,
"By Your Side, At Your Service",1,
"NJ Native, NC, SC border now",1,
dirty jerzeyy,1,
 97th & SESAME STREET,1,
Alabama ,1,
Northeast US,1,
6 degrees away from you,1,
St. Louis/Dallas/Denton,1,
"Human Rights are ""Unalienable""",1,
"Airdrie, Scotland",1,
ot7 üíò,1,
Kitchen,1,
"≈ölƒÖskie, Polska",1,
Solar System,1,
"Sebastian, TX",1,
"Windsor, Ontario",1,
ŸÖŸÖŸÑŸÉÿ© ÿßŸÑÿπÿ±ÿ®Ÿäÿ© ÿßŸÑÿ≥ÿπŸàÿØŸäÿ©,1,
Newcastle NSW,1,
Nakuru ,1,
A Highlander near Edinburgh,1,
$outhsiafalia,1,
Location: Your heart,1,
Hogwarts,1,
ƒ∞stanbul,1,
snow&kkt: michacabido,1,
"New Smyrna Beach, FL",1,
92,1,
"Portim√£o, Portugal",1,
Marseille M√©tropole,1,
michigan,1,
"Big Spring, Texas",1,
91,1,
England is my city,1,
"UK, London",1,
local,1,
"Westlands City, Nairobi.",1,
NIS,1,
"New Northwood, Baltimore",1,
Southeast Los Angeles,1,
PH,1,
Somewhere in WA,1,
Canadistan,1,
"Laurel/Hattiesburg, MS",1,
O-H ... I-O,1,
"MaTHICKeng, Azania",1,
803 and being D1,1,
Wisconsin,1,
choi_seung_hyun_tttop,1,
5014 NEWZEALAND 3182 AUSTRALIA,1,
Haunted Mansion,1,
"Kennett, MO",1,
The Sundered Land,1,
Helsinki,1,
Amman,1,
here for news,1,
"Tarlac City, Central Luzon",1,
tacoma | u.p.,1,
"Manassas Park, VA",1,
"Homeland, USA (California)",1,
at cheer practice ,1,
Vancouver/Saskatoon,1,
"Boston, USA",1,
Murrrland,1,
"Vila Nova de Gaia, Portugal",1,
Above Jlads Level ,1,
"(pregentrified) Oakland, CA",1,
"College Park, MD",1,
Nahhhh.,1,
"Nashville, TN  ",1,
Lanham to The Funk ‚úàÔ∏è,1,
In your head,1,
"Johannesburg,kagiso",1,
in new york i milly rock,1,
From the North side with love ,1,
Marduks,1,
Las Vegas Nevada,1,
Memphis TN,1,
Claremont NC,1,
Scotland  ,1,
Multnomah N. Territories / PDX,1,
THE Ohio State University,1,
NOLA ‚úàÔ∏èOrlando,1,
My gfs tits ,1,
Carnbroe,1,
In AR's heart‚ù§‚ù§‚ù§,1,
Gaborone,1,
#frostburg18,1,
he/they | jace alexander,1,
New Florida,1,
wouldn't you like to know,1,
lord knows,1,
Johannesburg Cape Town Durban ,1,
"Cymru, UK",1,
–£–∫—Ä–∞—ó–Ω–∞,1,
Isalamabad,1,
Johannesburg .  South Africa,1,
"Ice City,CA ",1,
Cardassia Prime,1,
Mount Olympus ,1,
"Sparta, IL",1,
The EA$T,1,
üñ§BLACKPOWER & BLACKLOVEONLYüñ§,1,
Snapchat: Secondclit,1,
üíõ Somewhere in Massachusetts üòÄ üíñ,1,
"Falkirk, Scotland",1,
"Leipzig, Germany",1,
üá≥üá¨Ghageriaüá¨üá≠,1,
"Somewhere, some place",1,
Cotswolds,1,
hyattsville maryland,1,
üòæ ||   ig: womanarchist,1,
graphic design is my passionüå∏,1,
https://youtu.be/QFQ3XXOjPG8,1,
"Princeton, NJ",1,
‡§Ö‡§™‡§®‡•á ‡§ò‡§∞ ‡§™‡§∞,1,
"Deal, Kent.",1,
"Montreal, Canada",1,
0n yo six nigg@...,1,
Brickfield Park,1,
westbury witshire ,1,
"Yuba City, CA",1,
"Cardiff, Wales, UK",1,
"in the library, where else?",1,
T E X A $,1,
"Baltimore, Maryland, USA",1,
The Barn,1,
"Roodepoort, South Africa",1,
Brooklyn,1,
"Gardena, CA",1,
on my jet bitch,1,
minding my business,1,
bbn,1,
"Under the sea, FLorida",1,
"Fenton, MI",1,
"41.312077,-72.928268",1,
Autoreiji Biyondo,1,
LONDON,1,
@NonsSibiya  South Africa,1,
510,1,
"Irvine, CA",1,
Shipley,1,
probably at the theatre ,1,
Old South Wales,1,
DFW Texas,1,
"Silicon Valley, CA, USA",1,
SSH|MGH GANG OR NO GANG,1,
Phoenix Arizona,1,
Cali Girl living in the ATL!! ,1,
Exile,1,
DayOne,1,
"Warner Robins, Georgia",1,
üá™üá¨/üáßüá≠,1,
NAIROBI KENYA,1,
Amongst La Familia ,1,
"Queensland, Australia",1,
Middle-Earth,1,
YEE YEEEEEEEE,1,
The Proud Nation of Texas,1,
Puerto Rico ‚Ä¢ Pennsylvania,1,
a postal code near you ,1,
Cali.,1,
Someplace Else,1,
THE SMACKDOWN HOTEL,1,
isaiah 54:17 ,1,
"Perris, CA",1,
3rd Coastin: MS to NC to TX,1,
Treaty 6 ,1,
CReATE wHAt MaTTerS / Houston‚ô°,1,
Cloud10,1,
"Red State, USA",1,
Mexicana en Nueva York,1,
Bat Country.,1,
crying in my margarita ,1,
Greek babe ü•Ä,1,
"SA/HOU, TX",1,
dm for 2.acc or number,1,
"San Angelo, TX",1,
Sydney ,1,
"Bay Area , Ca",1,
New Holland,1,
Melbourne || Kulin Nation,1,
"Kempton Park, South Africa",1,
Helven,1,
Syria,1,
"Palatine/Chicago, IL",1,
"Wylie, TX",1,
Seated. In Heavenly Places.,1,
Wherever the ball rolls,1,
"Sioux Falls, SD",1,
Himalayan Mountains,1,
Belgique ,1,
Stuck in dem 20 somethings ,1,
"Bellevue, WA",1,
Mary's Room.,1,
The Edge of Reality,1,
"Coto de Caza, CA",1,
"Springfield, Oregon",1,
CA ,1,
Devon UK,1,
Chile 8.4,1,
"UK, joined Feb 2015",1,
"Stroud, England",1,
RSA,1,
"East Los Angeles, CA",1,
In The Elements,1,
"IE, CA‚ô°",1,
in the Caribbean,1,
bottom of a half empty glass,1,
breathe before you speak,1,
Hong Kong,1,
"Regina, SK",1,
Botswana ,1,
Belgique,1,
"NC, USA",1,
üå¨,1,
DA WORLD ,1,
Explorer,1,
Nigeria/Ghana,1,
At Least Were Not Racist [Bot],1,
dreamworld ‚òÅ,1,
the bay but no bae | mhs '18,1,
On God's Path ,1,
Republic of Mozambique,1,
Istanbul,1,
2those blocked:nothin personal,1,
$en$ei wuz here,1,
area 51,1,
Une Taverne,1,
Where I'm at is where I am.,1,
La Nouvelle Orl√©ans‚öú,1,
"Chicago, IL, USA",1,
"St. Petersburg, Russia",1,
"Washington DC, USA",1,
"Los Angeles , Highland Park ",1,
"Vero Beach, Fla.",1,
"London, England | Nairobi, Kenya",1,
"Deus Vreizh, evel just",1,
NOWHERE ,1,
EAST TENNESSEE  ,1,
"Corrientes, Argentina",1,
"MC 40¬∞45‚Ä≤06.01‚Ä≥N, 9¬∞27‚Ä≤59.17‚Ä≥W",1,
(commissioned) icon by @Inversidom_Riot,1,
Not hiding in the bushes,1,
South Africa free state,1,
EAZONE6 HIDDEN LEAF VILLAGE,1,
D.M.V. (Eastern shore Md),1,
Coffee shop,1,
Despise Dem Degradation of USA,1,
Sweden ,1,
"Cebu City, Central Visayas",1,
Sc,1,
"brooklyn, new york",1,
God's World..,1,
Sirius star,1,
sixten ,1,
inside Gaius's head,1,
"NYC, Yoonmin",1,
Edison NJ,1,
"Stoke-on-Trent, UK",1,
Larrakia country,1,
ON THE STAGE EVEN WHEN IM NOT,1,
The OC and ‚îîA,1,
Somewhere You Can't Go,1,
EU,1,
"In Your Eyes, Sweetcakes.",1,
pizza bogo or akron u  ,1,
Tucson,1,
Syracuse NY,1,
University of Illinois Chicago,1,
peru aka alpacaland,1,
boolin,1,
Nigeria & England,1,
"Here, there, everywhere ",1,
"Jasper, AL",1,
"Kissimmee, FL ‚úàÔ∏è Fort Drum/NY",1,
nairobi kenya,1,
"Easthampton, ma",1,
Engcobo,1,
SATX | LBK,1,
"Kathmandu, Nepal",1,
My house,1,
Bicontinental: New York / Z√ºrich,1,
happy valley '19,1,
The US,1,
"Frome, Somerset",1,
Los Scandalous ,1,
"Perm,Russia",1,
"Columbia, SC",1,
"Brockton, MA",1,
TL,1,
"9321 Jasper Ave, Edmonton, AB",1,
cody ‚Ä¢ she/her ‚Ä¢ chippewa,1,
"Mount Vernon, WA",1,
she/her mgc/4 3+band/busted ,1,
AMERICA LAND I LOVE ,1,
PARODY ‚ô•,1,
Oklahoma,1,
77,1,
"Leesburg, VA",1,
New York City bitches,1,
"Richmond, TX",1,
Minnesota ,1,
we on different planes ,1,
Chamber of Secrets,1,
Nederhere nor dere,1,
Little Fork Episcopal Church ,1,
WE$T COAST,1,
"Warminster, England",1,
Weimar Republic Of America,1,
The Moon,1,
Myownland üëë,1,
R.I.P Alfredo Bourguet,1,
"South Australia, Australia",1,
Olympus,1,
"Iowa, USA",1,
Apparently where you not!,1,
London - England,1,
University College Cork,1,
"Gisborne District, New Zealand",1,
Southside of Zamunda,1,
NorCal ,1,
Cole World,1,
Brookline,1,
"Hokkaido, Japan",1,
"Grimsby, England",1,
Middle Of Nowhere,1,
"Hanover Park, Illinois",1,
"Bogot√°, D.C., Colombia",1,
The Dark Aster,1,
Tehuac√°n,1,
   Canada  ,1,
Harare,1,
Behind Enemy Line,1,
In my room making beats...,1,
KSA,1,
"Lenoir, NC",1,
Old Trafford,1,
Drive Slow+Steer Fast,1,
"Normal, IL",1,
AmeriKKKA,1,
"East Prairie,MO",1,
Czech Republic,1,
Afrique,1,
California :( USA,1,
joburg,1,
you already know,1,
philadelphia/maryland/dc,1,
"Atl, Georgia",1,
ALLBLACKLIVESMATTER,1,
"Ponchatoula, LA",1,
neverland‚ô°,1,
Minneapolis,1,
"Oshawa, Ontario",1,
Î¶¨ ÌÜ§Îîî,1,
"In my own ""safe space""",1,
The 4th chamber,1,
"San Martin, CA",1,
"Andover, Minnesota",1,
PA-NY,1,
NW,1,
"Nebraska City, NE",1,
"not Brexit, the other one....",1,
"Warsash, england",1,
"Stilfontein, South Africa",1,
The Crease,1,
"Piet Retief, TAG.South Africa",1,
ABCDEFUCKOFF,1,
"Staten Island, NY",1,
Rotterdam,1,
African Diaspora,1,
in rehearsal.....still ,1,
"Merton, London",1,
el dot ayyyyyyyyyye,1,
"Wrightsville, GA",1,
"Oceanside, CA",1,
united states,1,
"M√©xico, M√©xico",1,
Racist toilet country,1,
Essex/Hertfordshire,1,
"canton, texas ",1,
Ampang,1,
"Furry Falls, Catville",1,
Sunshine and Tanlines üå¥,1,
"Dartmoor, Devon",1,
"PG , sometimes Richmond",1,
"Ajo, AZ",1,
SoCal ,1,
Entre Rh√¥ne et Sa√¥ne,1,
"San Francisco, Cali",1,
"Wolverhampton, England",1,
Cascadia,1,
Namibia,1,
"Emberton, England",1,
"Volusia County, FL",1,
New York ,1,
Derbyshire,1,
braindripping.wordpress.com/,1,
pomona ca,1,
yuhhh,1,
"Somewhere in Kenya, golfing ",1,
Under your skin ,1,
Away,1,
"Bristol, CT",1,
Essex || Manchester,1,
"Vallejo, CA",1,
"Pau, France",1,
"Cymru, Gales ",1,
caerdydd / leeds,1,
"selma,AL",1,
University of Leicester,1,
Valladolid,1,
"Bay Area, California",1,
LA üéà,1,
Old Blighty,1,
man's about ,1,
thearkenstoneblog@gmail.com,1,
SHINee World,1,
Dublin/Donegal,1,
images,1,
jake ÀèÀãrosiÀéÀäÀó,1,
somewhere over the rainbow,1,
 ‚ú®donice sherry denise tiara‚ú®,1,
london ,1,
ACA Enrollment Nov 1,1,
Your mam's house,1,
"Saint-Nazaire, France",1,
Coming to a state or federal courtroom near you!,1,
#BlackLivesMatter #PresidentSwampCreature,1,
"Alsace, France",1,
they/them | 19,1,
CLT ,1,
Milwaukee ‚úà Atlanta,1,
"Greater Lehigh Valley, PA, USA",1,
Phil ‚úà,1,
C-1-37,1,
"Uithoorn, Nederland",1,
the world circus,1,
Hyderabad,1,
Sc: Conweej,1,
"Tucson, Arizona",1,
San Jose,1,
"Los Angeles, CA / Barstow, CA ",1,
nineonetree,1,
GDL y a veces mochis,1,
On the top rope,1,
Maldives,1,
"the Vale of leven,Scotland",1,
South coast kzn. ,1,
TRY,1,
A TRIBE CALLED CUNT.,1,
"Lubbock, TX",1,
OnDaBlockWhereUrBoyfriendAint,1,
"Lille, France",1,
"Jax, FL",1,
Born Chester le Street.,1,
"Friendswood, TX",1,
UK NOT EU,1,
Go jewa motho ,1,
Nottingham,1,
"Detroit, Michigan ",1,
WA state,1,
The 972 ,1,
"√úT: 34.091058,-118.327266",1,
W√§re lieber woanders,1,
"Hot Springs, AR",1,
Todd Slone,1,
quatre vingt zedou,1,
"Garland, TX",1,
Where Green Fairies Play,1,
she/her,1,
Geneva Illinois,1,
CHICAGO,1,
Luton,1,
Nunya,1,
"The Bridge of the Saratoga, the Republic or a number of other imagined places.",1,
CashApp:Shadleylove,1,
"Ur internetz, lookn at ur pron",1,
"Harrisonburg, VA",1,
"Leesburg, VA t(-_-t)",1,
N Indiana/MI-heaven is my home,1,
Beside you,1,
lucknow,1,
"Brisbane and Melbourne, Australia",1,
Ruse region Bulgaria.,1,
"greensboro, nc",1,
"√úT: 35.9263077,-78.9213693",1,
C ‚ñ≤ L I F O R N I A,1,
NFA,1,
Afrika | Ashburton Grove,1,
Instagram: @MrHunterSeals,1,
"√úT: 34.231769,-118.600885",1,
In the Fourth Reich (EU),1,
üò©üí¶üí¶,1,
Propagating Spacetime,1,
Around the Corner,1,
"Yonkers, NY",1,
"Louisville, Kentucky",1,
"Duenweg, MO",1,
—Å—É–∫–∞ –±–ª—è—Ç—å,1,
901 ‚úàÔ∏è 407,1,
Since 2006,1,
"Marbella, Espa√±a",1,
"Melbourne, Australia.",1,
"Long Beach, Ca ",1,
Cruisin The Akashic Field,1,
Home of The MASTERS ‚õ≥Ô∏è,1,
Alex,1,
Sun City AZ,1,
"Jacksonville Beach, FL",1,
"Rockford, IL",1,
"Maidstone, South East",1,
Blacklivesmatter,1,
R.I.P Cory&Leah,1,
Tokyo,1,
PANTHER NATION ,1,
"Oak Grove, OR",1,
I„Çå „ÑöÂè£‚à™Â∞∫ Áà™Â∑•„ÇåÂàÄ ,1,
"Bangkok, Thailand",1,
sanggyun's afro,1,
Melbourne Australia,1,
your heart ‚ú®,1,
Kosovo üá¶üá±üáΩüá∞,1,
Livin lavishly,1,
"ÿßŸÑÿ¥ÿ±ŸÇŸä, ÿßŸÑŸÖŸÖŸÑŸÉÿ© ÿßŸÑÿπÿ±ÿ®Ÿäÿ© ÿßŸÑÿ≥ÿπŸàÿØŸäÿ©",1,
In-N-Out Burger,1,
"North Richland Hills, TX",1,
"California, USA North",1,
"Suomi Finland, ym.",1,
"fort worth, tx",1,
The bluff...,1,
"Manche, Basse-Normandie",1,
Moon,1,
Follow my PhotoBook on OBAMA,1,
"Vancouver, British Columbia, Canada",1,
KwaZulu Natal,1,
√Öros,1,
Mobile/OZARKS,1,
"Kent, UK",1,
Pac NW Forests,1,
SOUFSide Da Realist,1,
"Summerlin, Las Vegas, NV",1,
Mother Earth #FBR NO LISTS,1,
Nut House-(shhh),1,
"Lincoln, NE",1,
Southeast Asia,1,
"Shortlands, Bromley, UK",1,
fuck idk ,1,
$D,1,
Reporting Live From RVA,1,
üçÉ,1,
"Los Angeles , California ",1,
Auto zone,1,
C. 11:09:17,1,
no pos ya valimos verga,1,
australia,1,
the riv,1,
Outchea,1,
"Albany,NY",1,
Right behind you. AHHHH!,1,
"Ormond Beach, FL",1,
northern star,1,
"Cork, the real capital",1,
City of Angels,1,
Houston//LSU,1,
"Everywhere you wanna be, baby!",1,
Puttin the L's up!!,1,
Northwest #Gnarkansas,1,
"Glasgow, UK",1,
Submarine Lair,1,
BBC Sport,1,
At large...,1,
Burramattagal Land,1,
"Lafayette, CO",1,
Kenya!,1,
"Nashville, Georgia",1,
Mty / Txs,1,
Land of Rationality,1,
"Durham, England",1,
Worcestershire,1,
neraka,1,
"Saint Louis, MO",1,
"Clarksville, TN",1,
La ou tu me trouveras pas.,1,
"Gold Coast, Queensland",1,
viva la mujer ,1,
nairobi,1,
Indianapolis ‚úàÔ∏è ATL,1,
ocala fla,1,
890,1,
L'Hospitalet de Llobregat,1,
WORLDWIDE Atlanta Ga,1,
Omnipresent ,1,
Cautious Optimism,1,
london/midlands,1,
LNYü§ôüèºLVüç∫,1,
But my body isn't :(,1,
somewhere w/ a camera,1,
"Romford, London",1,
Bay Area,1,
Internet,1,
"Aspen, CO & Scottsdale, AZ",1,
"Bakersfield, CA",1,
Lebih dekat dari urat nadimu,1,
Appreciate Jin's double chin,1,
In the Universe,1,
Chernobyl/Ukraine,1,
Granblue Fantasy ID: 5188066,1,
"Dallas,Memphis,Atlanta, La, LV",1,
"Knoxville, TN",1,
where love is,1,
"Sacramento, California",1,
SnapChat-ian.booke,1,
9th realm Hanchestover MDPA,1,
Middle England,1,
"Mesa, AZ",1,
Yellowtown,1,
West Virginia for now. Again. ,1,
KEYBOARD,1,
"Lakewood, CA",1,
In my own little world,1,
"Out West, USA",1,
"Kansas City, MO area",1,
Stunt City Alabama,1,
Vestavia Hills. Alabama,1,
Roanoke,1,
lonelyville ,1,
"CVN-65, NNPTC, CVN-71",1,
"Hollywood, FL",1,
The Constitution State,1,
Ldn ‚Üí Birms,1,
East Charlotte ,1,
"Sedona, Arizona",1,
cat from earth,1,
w/the Big Damn Heroes,1,
Subang Jaya ,1,
"Pearland, Texas",1,
"Castro Valley, CA",1,
"Jakarta Capital Region, Indonesia",1,
birmingham ,1,
"Distrito Federal BR, Bras√≠lia",1,
Prairie View A&M University ,1,
N. California,1,
Kansas,1,
wherever you least expect,1,
Your soul,1,
contact@gracedurbin.com,1,
"Yellowknife, Northwest Territories",1,
"Pottstown, PA",1,
cuddling w my bff,1,
Italia or Scotland,1,
"Newark, NJ 07114",1,
Helena,1,
THANK YOU F-SQUAD,1,
"Boonville, IN",1,
"RI(Johnston, Providence!) ",1,
"Bedfordshire, UK",1,
North Ayrshire,1,
"Sibu, Sarawak",1,
KeepPounding,1,
Austin,1,
‚òÄÔ∏èüå±‚ìã,1,
Switzerland,1,
"Riverdale, CA",1,
"2 steps, 3 flights away ",1,
Espa√±a,1,
Northwest America,1,
DM XSIMPLYJEN IF PROBLEMS HAPPEN PLS,1,
Green Hill Zone,1,
Groupchat,1,
Alberta.,1,
The great and glorious USA,1,
The Reddest State in America,1,
stuck in a graviton surge,1,
Culver City,1,
Somewhere behind this screen.,1,
chey-town ‚Ä¢ chicago,1,
DMV ~ NYC,1,
Hollywood ,1,
east meadow,1,
In your heart.,1,
San Juan ,1,
Mike's Whole of Football Plan:,1,
954,1,
"cape town,south africa ",1,
University of Worcester,1,
t dubbs,1,
"Rangiora, Waimakariri District",1,
Above,1,
Turkey,1,
"Hyderabad, Andhra Pradesh",1,
"Claremore, OK",1,
"Belfast, Mars ",1,
"North Rhine-Westphalia, German",1,
Wing Kingdom,1,
Puerto Rico,1,
406,1,
"Carrollton, GA",1,
"Hamburg, Deutschland",1,
Beale AFB‚úàÔ∏èChicago IL,1,
Center of Lib Lunacy,1,
"Xan Antone, TX",1,
come find me,1,
NY & N.J #RESIST TRUMP MANIA!,1,
Quito-Ecuador,1,
Gotham City,1,
Baltimore ‚úà Charlotte,1,
"Federal Capital Territory, Nig",1,
D | M | V,1,
atlanta,1,
"Worcester, England",1,
Rhode Island,1,
Stras City,1,
"Tulsa, OK",1,
run,1,
Thailand. USA. The Internet.,1,
New Haven by way of Nigeria,1,
being monitered ,1,
Punaany,1,
Kuala Lumpur City,1,
Anywhere but chicago ,1,
Gadigal land (Sydney),1,
"Arden-Arcade, CA",1,
faded undisclosed location,1,
Hebden Bridge,1,
Godric's Hollow,1,
ŸÇŸÖ ÿß€åÿ±ÿßŸÜ,1,
Dallas TX,1,
Naga City,1,
"Longmont, CO",1,
Republic of Kekistan,1,
"Glenarden, MD",1,
Cambridge.,1,
loveland,1,
on the toilet,1,
v,1,
the moon,1,
"New Haven, CT via Cincinnati",1,
"Ubon, Thailand",1,
African diaspora ,1,
"Ankara, T√ºrkiye",1,
Theatre of dreams  ,1,
beloved earth ‚ôâüåπ,1,
nsfw,1,
"Lauderhill, FL",1,
"Oak Park, IL",1,
Cape Town | Princeton,1,
Drew Mississippi,1,
"Carthage NC, USA",1,
"Colombes, France",1,
"Spartanburg, SC",1,
"Vineland, NJ",1,
"Mao, Dominican Republic",1,
neverland.,1,
PLANET EARTH,SOUL IN BODY!,1
Kaurna/Adelaide & Bama/Cairns,1,
"bitch i don't know, damn",1,
IL‚úàÔ∏èTX,1,
"Bangkok, America",1,
Bri$ter $t. ,1,
"July 21, 2001",1,
Kentucky,1,
Hawaii,1,
Atl,1,
"Orono, ME",1,
the crystal waters of hawaii,1,
773,1,
"Anchorage, AK",1,
Q ?? Rishta Mangnay aana hai,1,
moon üåë,1,
Paradise by dashboard light,1,
"Bonn, Deutschland",1,
"Western Australia, Australia",1,
Grand Canyon State,1,
Bedford,1,
Cape Town . South Africa,1,
8,1,
Catford,1,
Gods green Earth,1,
"Ballycastle, Northern Ireland",1,
"Trenton, Ontario",1,
"Zaandam, The Netherlands",1,
lia- anna -he/him,1,
 Texas,1,
TRVP HOUSE,1,
JC,1,
"Cape Town, South Africa ",1,
Saskatoon,1,
UK and Greece,1,
RIYADH,1,
WWW.DJKalisemo.COM,1,
surrey,1,
"North Myrtle Beach, SC USA",1,
Uranus. ,1,
"Montclair, new jersey, usa",1,
Stonewall MB,1,
Stalingrad,1,
Az,1,
"Dunfermline, Scotland",1,
Windsor ON,1,
Hell (also known as England),1,
"Cooper City, FL",1,
SouthSide of Atlanta,1,
Lancashire,1,
"Middlefield, CT",1,
East-L,1,
In a parallel universe,1,
"Bay side city, Japan",1,
Johannesburg/Pretoria,1,
India.,1,
"Grosse Pointe Farms, MI",1,
Not afiliated with Fox News ,1,
"L'Aquila, Abruzzes",1,
"Somewhere, Anywhere, Nowhere.",1,
"Tampa Bay, FL USA",1,
"Boulder, CO",1,
"smithville,ms.",1,
Texas ,1,
Kuala Lumpur Malaysia,1,
Highlands of Scotland,1,
Wanda Maximoff,1,
San Tan Valley AZ,1,
South Carolina,1,
"Yuma, AZ",1,
Erlangen,1,
Jinglewave,1,
Virginia,1,
"MO,CA,MD,FL,NY",1,
"Los Angeles, CA, USA",1,
"Courval, SK",1,
Washington D.C,1,
üìç Parc OL,1,
"Vancouver, BC",1,
 olimpos where gods reside ,1,
NAIROBI,1,
"ATL, METRO, INTERGALACTIC!!",1,
huh?,1,
South West Montana President o,1,
"Lincoln, England",1,
bowie state u,1,
Bitch please‚úã,1,
In the future ,1,
Wifi,1,
i miss teen wolf,1,
Monaco,1,
Served with UK/USA/Canada/UK ,1,
Medelin - 176,1,
"Lewisham, London",1,
"Freckleton, England",1,
Germany/UK,1,
"Bellport Village, New York",1,
‚úà‚òÅ,1,
texas is my city,1,
Engand,1,
"Humble, TX",1,
Handing L'süëâüèæüèÄ,1,
batmans cave,1,
¬†http://w3adz.com/?ref=Andi999,1,
ig: mohad.hfz,1,
Bantanamo Bay,1,
956ix,1,
"Palm Beach, FL",1,
üá´üá∑,1,
¬©¬©¬©¬©¬©¬©,1,
PG county,1,
"Parramatta, NSW",1,
pdx,1,
Queensland,1,
My Own World üíï‚ú®,1,
"Redford, MI",1,
Ireland ,1,
"Bournemouth, England",1,
"Dundee, Scotland",1,
"Shoreditch, England",1,
They/Them or He/Him,1,
#Patland,1,
West Woofle-Dust         UK,1,
"Fairfield Bay, AR",1,
"From Yangon to Baltimore, MD",1,
Where the sun always shines,1,
502,1,
"Dubai, United Arab Emirates",1,
Livingston West Lothian,1,
Berkeley CA,1,
"Wherever I go, there I am",1,
Not currently residing in Duston,1,
N,1,
"Montreal, Quebec",1,
santovitti ‚Ä¢ malu my angel,1,
"Budapest, Hungary",1,
winfield mo.,1,
"Lowell, MA",1,
Eurasia,1,
"Kona, Hawai'i ",1,
"Melksham, England",1,
65,1,
"New York, NY, USA",1,
the boundary,1,
317,1,
jade,1,
"Russellville, AR",1,
Sic Em Nation,1,
318,1,
favstar.fm/users/AdamUltraberg,1,
"Dalla$, Flexa$ ",1,
"Bordeaux, France",1,
Queens N.Y.,1,
"Adelaide, SA, Australia",1,
"League City, TX",1,
"Palm Springs, CA",1,
SCOTLAND,1,
ÿßŸÑŸÖŸÜŸàŸÅŸäŸá ,1,
Plymouth U.K.,1,
"trapville, virginia",1,
Bombae,1,
60,1,
Ontario Canada,1,
All Over or maybe just Ohio,1,
Basingstoke,1,
Bikini Bottom,1,
African,1,
"√úT: 39.264835,-94.442514",1,
"Among geeks,nerds & Cool folks",1,
www.thetechedvocate.org,1,
ÎåÄÌïúÎØºÍµ≠,1,
nashville,1,
"SF, Santa Fe, Berkeley",1,
Blackburn,1,
York University - Keele Campus,1,
Success Avenue ,1,
Lansing Michigan,1,
"Manchester/Leeds, UK",1,
Multidimensional,1,
Outta Town,1,
"Miami (Magic City), Florida",1,
Deep in the heart...,1,
nyc out that houston. ,1,
"Beach House, Los Angeles",1,
"Sussex, UK",1,
"Kuala Lumpur City, Kuala Lumpu",1,
