,2083
London,381
United Kingdom,201
"London, England",165
UK,162
"England, United Kingdom",122
"London, UK",68
Scotland,54
Europe,50
England,47
Spain,39
"Scotland, United Kingdom",36
"Manchester, England",28
Global,27
"South East, England",27
"North West, England",26
Edinburgh,25
"Glasgow, Scotland",25
United States,24
Glasgow,24
EU,23
Belgium,22
jakarta,22
Brussels,21
"Brussels, Belgium",21
London UK,21
Manchester,21
"Kent, UK",19
"Inverness, Scotland",18
UK Hull,17
london,17
U.K.,17
"Washington, DC",16
"Cambridge, England",16
Earth,16
"South West, England",16
London ,15
Berlin,15
France,15
"York and Congleton, England",15
Kent,15
Germany,14
"London, United Kingdom",14
London x Paris,14
North London,13
"Edinburgh, Scotland",13
Cornwall,13
Taunton Somerset ,13
"Manchester, UK",13
"East Midlands, England",13
London:Paris:Chile:Rome:Koln,12
k,12
Frinton-On-Sea,12
A small island off Europe,12
Americas | UK | Ireland,12
Planet Earth,11
-European-,11
Worcestershire,11
European Union,11
Somerset,11
"New York, USA",11
FIRE is multi-national,11
South Wales,11
"West Midlands, England",10
"Bristol, England",10
Barcelona,10
UK üá™üá∫,10
"Dublin City, Ireland",10
"Paris, France",10
Nigeria,10
united kingdom,10
Wherever news breaks (Global),10
"Lambeth, London",9
Ireland,9
Dublin,9
"Liverpool, England",9
"Sheffield, England",9
Espa√±a,9
"Oxford, England",9
Paris,9
"Wales, United Kingdom",9
Everywhere,9
NAPLES/ITALY,8
"Perivale, West London",8
"Bandung, Indonesia",8
Monaco,8
OUT OF THE EU ?????????????,8
"Warrington, Cheshire.",8
Yorkshire,8
Liverpool,8
"Nottingham, England",8
"Bordeaux, France; Downton, Eng",8
USA,8
"Leeds, England",8
Derry,8
Somewhere Over The Ocean,8
Newcastle upon Tyne,8
"Killamarsh, England",8
Cambridgeshire,8
"Newcastle Upon Tyne, England",7
Singapore,7
London United Kingdom,7
Wild West of Wales,7
"City of London, London",7
Cheshire,7
Greece,7
"Birmingham, England",7
"Leicester, England",7
UK ,7
"New York, NY",7
Jakarta,7
Canada,7
"Andalusia, Spain",7
"Hampshire, UK",7
Northern Ireland,7
NYC,7
From Stellenbosch to London,7
"Cardiff, Wales",7
"Cornwall, UK",7
"Derby, England",7
"Lagos, Nigeria",7
Liverpool UK,7
Catalunya,7
Cumbria,6
Llangrallo,6
"Nice, Provence-Alpes-C√¥te d'Az",6
Great Britain,6
Australia,6
Scot | Inuit | Skandinavien,6
"Dublin, Ireland.",6
Nowhere,6
Bowmore Islay Scotland,6
Fife Scotland/Alcala Spain,6
"South Gloucestershire, UK",6
Cambridge.,6
"Aberdeen, Scotland",6
Deutschland,6
west cork,6
"North East, England",6
Sussex,6
"Toronto, Ontario",6
 #HTAFC-in-PremLge / YORKSHIRE,6
Guildford,5
Not Londonstan.,5
liverpool,5
 È¶ôÊ∏Ø ,5
Portugal,5
Cardiff,5
Madrid,5
South Africa,5
"Budapest, Hungary",5
Dark Side of the Moon,5
"Swansea, Wales",5
Worldwide,5
Devon England,5
"Dublin, Ireland",5
Bretagne,5
"Enfield, UK, Europe",5
Hong Kong,5
Oxford,5
Scotland is European,5
Glasgow Scotland,5
Cambridge UK,5
Lytham St Annes,5
"Bristol, UK",5
"Hook, Hampshire, England",5
Universe,5
"Geneva, Switzerland",5
Bristol,5
"Marlborough, UK",5
"London, Milan, Outer Hebrides",5
New Jockveria,5
Cambridge,5
London Europe ,5
"Florida, USA",5
Manchester-Lancashire ENGLAND,5
Canterbury,5
"California, USA",5
Virginia,4
scotland,4
the shadows.,4
Brexit Buggered Blighty,4
Disunited Kingdom,4
LDN,4
"York, England",4
"UK, Europe",4
Stone Staffordshire,4
Stratford upon Avon,4
"Eu, France",4
nowhere man.,4
Westminster,4
"North Carolina, USA",4
Wales,4
"Co Tyrone, N Ireland, UK",4
"Leamington Spa, England",4
glasgow,4
uk,4
Speaker's Chair,4
Yorkshire and The Humber,4
Kinross,4
Kashan,4
"London & France, mostly",4
"Greenwich, London",4
Calne,4
"Royal Tunbridge Wells, England",4
London/Melbourne/Herefordshire,4
"Barcelona, Catalonia",4
"London, UK, European Union",4
"Belfast, Northern Ireland",4
citizen of the world,4
LONDON,4
Frankfurt,4
Leeds,4
"Epsom, UK",4
"Stafford, England",4
"London, Poole....Kreuzberg",4
"Norwich, UK",4
Euro Parliament and NW Eng UK,4
Belfast,4
Land of Hope and Glory.,4
DURHAM,4
northumberland. uk.,4
Derbyshire,4
"Liverpool, UK",4
"Kildare, Ireland",4
Catalonia,4
"The Swamp, Scotland",4
"Grimsby, England",4
"Walthamstow, London",4
Cymru,4
"Leeds, UK",4
Winchester,4
Glasgow ,4
"Northern Ireland, UK",4
California,4
"Saxony, Germany",4
"Earth, EUrope, UNITED Kingdom, England, Kent.",4
"Barnsley, England",4
New York,4
"Region of Murcia, Spain",4
BARNSLEY,4
Middle England,4
Jakarta Selatan,4
Sweden,4
"Oxfordshire, England",4
Wangland,4
Wales ,4
Zeta Reticuli &Epsilon Eridani,3
"The Hague, South Holland",3
"Chester, England",3
Northern England,3
Teresa May's deportation list,3
Ireland / Northern Ireland,3
Central Fife,3
South,3
Êù±‰∫¨,3
"West Bridgford, Nottingham",3
"Washington, D.C.",3
Stoke on Trent,3
"San Diego, CA",3
"Lincoln, England",3
London | Somerset,3
"@SussexUni, Brighton, England",3
Bournemouth,3
Ayrshire,3
Luxembourg,3
South West London,3
Nottingham,3
"Boston, MA",3
east ren SNP and Warriors fan,3
Gods Kingdom,3
"Bradford, England",3
Island of Ireland,3
"Great Malvern, England",3
Amsterdam,3
"Bath, England",3
"East Anglia, UK",3
"Preston, England",3
"Texas, USA",3
"Wigan, England",3
"Grimsby, N E Lincs, England",3
"Northern Ireland, United Kingdom",3
The Hague,3
"Perth, Scotland",3
#Schengen 85% / Brighton 15%,3
"Airdrie, Scotland",3
"Porto, Portugal",3
All points east (now in UK),3
Wessex,3
Where the 45% of Scotland are,3
"Norwich, England",3
"Pontrhydygroes, Ewrop",3
"Vienna, Austria",3
"Battle & Hastings, England.",3
Scotland EUROPE ,3
"Rolling Hills Estates, CA",3
Devon aka Brexitland,3
Kent. UK,3
deutschland,3
"Mau,Varanasi,UP,New Delhi,India",3
"Kingston, Ontario",3
The Shires,3
"Dorset, England",3
Cape Town,3
Argyll ,3
"Hackney, London",3
"√úT: 51.47829,-0.14498",3
Cymru | Wales,3
"Hove, England",3
"Peterborough, England",3
Lincolnshire Europe,3
London E1 & E14,3
Beckenham and often elsewhere,3
Oswaldtwistle,3
Citizen of the World,3
Bedfordshire,3
"Kilmarnock, Scotland",3
The Kremlin,3
#KeepFightingMichael,3
"Berlin, European Union",3
Yorkshire England,3
Harrow,3
"East, England",3
"Leyland, England",3
"Ruislip, England",3
"Britain, inside Europe.",3
Kew (TW9) London,3
Valhalla,3
Europe (including UK),3
East Yorkshire,3
"Barcelona, Catalunya",3
"Sint-Petersburg, Rusland",3
Norfolk UK,3
"Berlin, Deutschland",3
"Yorkshire, England",3
"Swindon, United Kingdom",3
"Coatbridge, Scotland",3
 UK,3
üá´üá∑,3
Swansea,3
"Cockermouth, Cumbria, UK",3
Lewes Sussex,3
"north east town, England",3
Twickenham,3
"Brexit, Brexit",3
"Lanarkshire, Scotland",3
Smurf Village,3
"Virginia, USA",3
scarborough,3
Near one of those walls.......,3
"Bruxelles, Belgique",3
The University of Nottingham,3
New York City,3
Washington DC,3
Surrey UK,3
"London, United Kingdom.",3
"Conway, AR",3
"Evesham, England",3
"Largs, Scotland",3
"Hereford, England",3
Wirral northwest England,3
"Gloucestershire, UK",3
... #CitizenOfTheWorld üá™üá∫,3
"Calgary, Alberta, Canada",3
Staffordshire,3
"Houston, Texas",3
Wiesbaden/Germany,2
www.facebook.com/doctorreefer/,2
Al Andalus,2
venezuela,2
"Stroud, England",2
Copenhagen,2
"Barking, London",2
"Buxton, Derbyshire, England.",2
"Amherst, Massachusetts ",2
"Wexford, Ireland",2
"Filton, South Gloucestershire.",2
Devon,2
"Tehran, Iran",2
Oxfordshire Chilterns,2
"Sussex, United Kingdom",2
The North,2
Brussels & Frankfurt,2
"Wokingham, United Kingdom",2
"51.53103,-0.131837",2
Nederland,2
"Hillingdon, London",2
Disunited Kingdom still in EU,2
Altrincham,2
Easter island,2
"Getafe, Spain",2
Birmingham UK,2
"Durham, England",2
Oslo,2
The United Kingdom,2
"Hertfordshire, United Kingdom",2
Little Wangland,2
World,2
Biffins Bridge,2
"Bonn, Germany",2
North East Somerset,2
New Delhi,2
United Arab Emirates,2
Asia,2
Korschenbroich,2
"UK, EU",2
Llandinam,2
Down South,2
manchester,2
North West England,2
Oxfordshire,2
Puerto de Sagunto (Valencia),2
Clacton on sea/London,2
London & Constantinople,2
Airstrip One,2
"Berlin, Germany",2
Trigger Warning. Eggs=blocked,2
West Norfolk England,2
"Calgary, Alberta",2
"Brighton, England",2
"EASKY, IRELAND",2
"iPhone: 53.623974,-2.208652",2
Wantage & Didcot,2
"Lancs, UK",2
The Netherlands,2
America,2
Gogledd Orllewin Cymru,2
Loughton,2
.,2
Sheffield,2
"Faversham, UK",2
Mogadishu.,2
"Sheffield, UK",2
Southampton,2
SE England,2
"Gioiosa Ionica, Calabria",2
"Tarbert, Argyll, Scotlandshire",2
"Portsmouth, England",2
"Barcelona, Spain",2
"Kent, England",2
Aberdeen,2
Switzerland,2
usa,2
Surfing the Quantum Foam,2
London/ Naples,2
Nuneaton-London-Valencia,2
English Borders,2
At Watchtower ,2
u.k.,2
Conwy County,2
"Orem, UT",2
Zurich and London,2
Independent Scotland Biggar ,2
Stonehaven,2
LONDON  UK,2
Glasgow/London,2
Birkenhead,2
"Gilead, a√±o I",2
–ú–æ—Å–∫–≤–∞,2
Philippines/Worldwide/NYC soon,2
Uxbridge and Chesham,2
 England,2
"Bayern, Deutschland",2
Old Blighty,2
"Walton on Thames, Surrey, UK",2
"Beret Bay, Scotland",2
"""Unite"" or ""Let Us Unite.""",2
English Midlands,2
"Cheltenham, England",2
"Toulouse, France",2
"Nation Scotland, Europe",2
Beside the sea,2
Earth (citizen of),2
"Westminster, London",2
Internet,2
"Doncaster, Shire of York, Eurasian Plate, Blue Marble Rock",2
SoCal,2
"anzio,italy",2
Basingstoke,2
"HighgateN6, TheHague, LakeOrta",2
"Cotswolds, born and bread",2
Lost in Wales.,2
random opium den~19th c London,2
"New Brunswick, Canada",2
Wales UK,2
Dinas ,2
Dundee,2
"Whitstable, Kent",2
Norwich,2
London/Yorkshire,2
Hastings,2
"St. Albans, Herts.",2
Earley,2
"Ketton, Rutland",2
Argentina,2
"Warszawa, Polska",2
Pakistan,2
Roma,2
Normandy,2
Scouseland,2
Grimsby,2
"Moscow, Russia",2
My house,2
Gibraltar,2
M√©xico,2
"Barnsley, Yorkshire",2
ÂÄ´Êï¶Ôºà„Å°„ÇäÔºâ‚ÜíÂ§ßÈò™„É≠„ÉÉ„ÇØ‚Üí‰∫¨ÈÉΩ‚Üí„Ç∑„Éô„É™„Ç¢‚ÜíÂçÉËëâ‚ÜíÂ§ßÈò™Â∫úÂõõÂõΩÂ∏Ç,2
"Frankfurt am Main, Hessen",2
 London UK,2
"Neuston, Chester, England, UK",2
"Andover, Hants",2
"New Jersey, USA",2
Leaning against a wall ,2
Guildford/Salzburg,2
hull,2
"Coningsby, Lincs",2
Isle of Lewis,2
"Fife, Scotland",2
"London, Europe",2
"Denver, CO",2
"Los Angeles, California",2
Bonnie Scotland,2
"Bournemouth, UK",2
"Weymouth, England",2
"Burwash, East Sussex, England",2
"Zaragoza, Spain",2
Deep down the Brexit rabbit hole,2
Perth,2
Leicester,2
Ad Lucem,2
"Reading, England",2
planet earth,2
Birmingham,2
Bath,2
"Solihull, England",2
"Pune, India",2
Soon outside the EU,2
Manchester or Mayo,2
"Chesterfield, England",2
"Penryn, Cornwall, UK",2
Scotland: Nation of Lions,2
Kent UK,2
NE England,2
"Haywards Heath, England",2
Aberystwyth,2
"North West, England/Spain",2
"Maidenhead, UK",2
"Devon, England, United Kingdom",2
"Derry, Northern Ireland",2
North Somerset ,2
everywhere and nowhere,2
"Madrid, Espa√±a",2
enderby,2
"Hastings, East Sussex, UK",2
 USA,2
"Torino, Piemonte",2
"Bromley, London",2
The Sceptered Isle üá¨üáß,2
"Jacarilla, Espa√±a",2
"Maldives, Male' City",2
"Birmingham, UK",2
London & Aquitaine,2
SIN CITY,2
SUFFOLK,2
"Tufnell Park, London",2
Finland,2
Bruxelles,2
Britain,2
North Carolina,2
Speke Junction,2
"Edinburgh, United Kingdom",2
"Northampton, MA",2
"Hull, England",2
"Bedford, UK",2
"Wivenhoe, England",2
Exeter,2
"√úT: 53.053953,-0.771488",2
"Cambridge, UK",2
"Hellerup, Denmark",2
"Scotland, Europe",2
Coventry/Rugby/Wigan,2
All around the world,2
"Den Haag, Nederland",2
"Siran, Languedoc ",2
"Barcelona, Espa√±a",2
"Angus, Scotland",2
"Camblesforth, North Yorkshire",2
Dublin Ireland,2
"McCloud Ganj, India",2
"Frankfurt am Main, Deutschland",2
Skegness,2
"Can Tho, Vietnam",2
Mars,2
"UK,Hampshire",2
Vienna,2
Manchester ,2
Money Land,2
somewhere in south wales.,2
"Wrexham, Wales",2
"England, Europe",2
UK üá¨üáß,2
"Gondwanaland, aka Catalonia, Spain",2
Lagos,2
South London,2
"Brighton, UK",2
"Somerset, England",2
Sheffield/South Anston,2
South Coast UK,2
"Ireland, Northern Ireland",2
"Coulsdon, Surrey",2
"Quito, Ecuador",2
"Sofia, Bulgaria",2
"Islington, London",2
E.U.C.A.D Malta,2
Leicestershire,2
South East England,2
"Newcastle upon Tyne, UK",2
NL,2
"Los Angeles, CA",2
Toronto Mostly,2
"Anywhere, rooted in somewhere",2
Scotland (of course),2
Victoria BC Canada,2
"Tbilisi, Georgia",2
M√©xico D.F.,2
"Offaly, Ireland",2
"Dublin, Irlande",2
"England, UK",2
Lovely Leicestershire,2
"Bath, UK",2
"Ottawa, Ontario",2
The World,2
Germany/Scotland,2
"Derbyshire, UK",2
Bingley,2
"Southampton, England",2
Wien Landstra√üe,2
"Hastings, Sussex, England",2
"Sunderland, England",2
"Ohio, USA",2
"Suffolk, UK",2
Brighton & Hove,2
Midlothian Scotland ,2
world wide,2
Co. Down,2
Gloucestershire,2
"Warton, England",2
Brasil,2
Fuenla,2
B√©al Feirste ,2
"Gloucestershire, England",2
"Wandsworth, London",2
whereever,2
Bangkok,2
US/England,2
"South Coast, England",2
Newcastle,2
"Southampton, UK",2
Cheltonian in Durham.,2
Lausanne,2
"Brightons, Falkirk",2
"Granada, Espa√±a",2
"Porlock, Somerset",2
Leicestershire UK,2
The Diogenes Club,2
barcelona,2
Birmingham  uk,2
"Sutton, London",2
"Ramsbottom, Lancashire",2
"Dobcross, England",2
"Farnham, Surrey",2
"Pulford, Chester",2
Rochdale,2
"Houston, TX",2
Lancashire,2
"Dhaka, Bangladesh",2
"Clipstone, Mansfield, England",2
Stockport,2
"Canterbury, England",2
SE Spain,2
"Rome, Italy",2
"Exeter, England",2
"Stoke-on-Trent, England",2
Doncaster,2
Cambs UK,2
i inhabit the civilized world.,2
"Girona, Catalunya",2
Guin√©e,2
London and Portugal,1
"Newton-le-Willows, England",1
"Westminster, mostly.... ",1
"Aquincum, Hungary",1
"Medell√≠n, Colombia",1
Buckshaw Village,1
"Z√ºrich, Schweiz",1
Whitehaven,1
"√úT: 51.4742716,-0.1567015",1
"Cardiff, UK",1
Ireland ,1
"Reigate, Surrey.",1
"Armagh, Northern Ireland",1
Stockholm,1
SRQ,1
chile,1
London. Founded 1913.,1
"Salopian, British, European",1
Deutsch - Germany (geplant Sverige),1
"Friuli-Venezia Giulia, Italia",1
"Northern Ireland, United Kingd",1
"Corning, NY",1
New York & London,1
"Oak Park, IL",1
"Queens Park, London",1
Usually in bed with a book! ,1
Offshore,1
"Doncaster, England",1
The University of Manchester,1
"Leeds / Hull, England",1
SW London & SE London,1
WSM/BS3,1
"carrigaline, co cork",1
Zaatra Boumerdes Algeria,1
"Solihull,UK",1
Spain & Scotland,1
"Gloucester, UK",1
"√úT: 4.717523,-74.051624",1
"Galway, Ireland",1
Krak√≥w,1
"Sussex,",1
"Moray, Scotland.",1
"Here, there, and everywhere",1
UK. RTs not nec endorsements,1
Bishopbriggs,1
Dartmoor,1
"Allhallows, Rochester, Kent",1
"Manhattan, NY",1
B11 0121,1
"Wilmslow, England",1
Scotland STILL YES :-),1
insane in the membrane,1
"Dundee, Scotland",1
Saint Vincent and the Grenadin,1
London Based,1
Reus (is not Tarragona),1
Europistan,1
Kent and London,1
"Cardiff, Wales, Europe",1
"Kingston upon Thames, London",1
"Nr Bath, South West of England",1
"Kampala, Uganda",1
Yeovil | Plymouth,1
"Coventry, England",1
Slaithwaite,1
Ohio,1
Munk School of Global Affairs,1
Planet Earth for now,1
Leyton London,1
"Swansea, UK",1
oxford uk,1
 London,1
Citizen of the World.,1
Ely,1
Views Are Mine,1
The globe,1
Strathmore - Scotland ,1
Chicago Booth,1
"Alpes-Maritimes, Provence-Alpe",1
"Carrickmore, Ireland",1
United kingdom,1
nutcave,1
Cataluyna,1
"Moorpark, CA",1
Nomad in a global village,1
Orpington,1
"Covent Garden, London",1
"Wycombe, UK",1
Royaume-Uni,1
Londyn,1
"Liverpool EU, mainly.",1
Not yet evenly distributed.,1
"Aarhus, Denmark",1
chelmsford,1
Stuttgart,1
here,1
Slighty left of your shed,1
"York and London, England P town USA",1
"Dornoch, Scotland",1
"Nairobi,KENYA ‚úà ‚úà Worldwide",1
.cat,1
"Tennessee, USA",1
"Hastings, England",1
"Lincolnshire,Frithville",1
Pennsylvania,1
"Catalunya, EFTA",1
"Doylestown, PA",1
"Lancashire, England",1
"Massachusetts, USA",1
Devizes,1
"Madrid, Comunidad de Madrid",1
Sydney,1
Philadelphia PA ,1
"Tel Vos, Vvardenfell",1
CH,1
"Come By Chance, NL",1
"London, Canterbury",1
"Potsdam, Brandenburg",1
Belize,1
Lundun for now innit?,1
"South America, and East Asia",1
"Paris , London, Glasgow & NYC",1
SANDGROWN,1
London | New York | Munich,1
East Kilbride/Glasgow,1
Luton LU2,1
Development Hell,1
"Leeds, West Yorkshire, England",1
Vilallonga del Camp,1
"Crevillente, Espa√±a",1
"Anytown, NJ",1
"Gillingham, Kent, UK",1
Barcelona Spain,1
Drisunique@gmail.com,1
"LA,Houston, NYC, ATL,Tampa",1
The Bear Cave,1
"Oostzaan, Noord-Holland",1
SW England,1
entre dos aguas,1
Irpino e me ne vantoüòú,1
UK Wide,1
"Barcelona, Espanya",1
"Petaling Jaya, Selangor",1
"Pleasanton, CA",1
"Cambridge, UK ",1
Swindon UK,1
BB2 x HD2,1
Essex (sadly...),1
"City of Newport , Wales",1
"Kingsport, TN",1
World Citizen,1
Southern England,1
Vall√©e d'Azergues,1
"Washington, England",1
"Premi√† de Dalt, Catalunya",1
"Berkshire, UK",1
UK- Wales,1
on the internets,1
Uk,1
Right here,1
Brighton / York ,1
Telegraph Road,1
"Penicuik, Scotland",1
Mullingar/Dublin,1
Also follow ‚ñº,1
Based in Yorkshire,1
University of Bath,1
"location, location, location",1
The Prostate Centre,1
Midlands and Suffolk ,1
Norwich UK üá™üá∫,1
Manchester/Irthlingborough,1
Montrose,1
lincolnshire,1
University College Dublin,1
"St Andrews, Scotland",1
Manchester United.,1
Mosae Trajectum,1
"Leeds, Yorkshire, England, UK",1
Laatzen by Hannover-Germany,1
6000miles away from Glasgow,1
"St Louis, MO",1
#CitizenOfTheWorld,1
loramendi patria querida,1
Wales & Europe,1
"Cochin,India",1
nottingham,1
Italia,1
"Llanharan, Wales",1
"Campinas, SP, Brasil",1
My heart is in Greece,1
The Shire. .Scotland ,1
Algeciras,1
Isle of Axholme and Axarqu√≠a,1
one to beam up,1
"Seattle, WA ",1
"Randers, Denmark",1
N Ireland,1
"Waterloo, Liverpool",1
Tartarus,1
Matar√≥ ,1
"Colwyn Bay, Wales",1
Alcorc√≥n Madrid,1
"shropshire, uk",1
West Edinburgh,1
Omnipresent,1
Local Bubble,1
Scotland UK,1
Peckham,1
"Toronto Canada,Tirana Albania",1
People's Republic of Yorkshire,1
Brno,1
MERSEYSIDE,1
" Bowmore, Islay",1
The Palatine,1
PLANET ZOG..ZZ9 Plural Z Alpha,1
"NYC, TKY, AMS, LON",1
"Brentwood, Essex",1
High Wycombe,1
"South Tipperary, Ireland",1
"Wien, √ñsterreich",1
nearest hellmouth,1
"Walthamstow, London.",1
South Florida,1
"Harrogate, England",1
"Iowa, USA",1
"–¢–∞–º–±–æ–≤—Å–∫–∞—è –æ–±–ª–∞—Å—Ç—å, –†–∞—Å—Å–∫–∞–∑–æ–≤–æ",1
Zaragoza,1
"World, Atl, LA",1
√âs relatiu,1
England/Sweden,1
Poole,1
Spain (roaming),1
"Warsaw & London, the EU",1
"Copenhagen, Denmark",1
"Exeter, United Kingdom",1
Saint Germain du Bel Air,1
"Tonbridge, Kent",1
South London ,1
Barquisimeto,1
Sutton near Ely,1
Pensacola Florida,1
#TeamPala #Inazumer,1
"Bristol, UK.",1
Strasbourg,1
South of Rochdale,1
"Zug, Schweiz",1
"Manabi, Ecuador",1
Norfolk United Kingdom.,1
"Thessaloniki, Greece",1
"glasgow, scotland.",1
N 51¬∞33' 0'' / W 0¬∞4' 0'',1
"Bergen, Norway",1
"Stapleford, Nottingham ",1
"Stamford Hill, London",1
"West Wales, UK",1
south east london,1
"Twickenham, UK",1
Dorset,1
Rotterdam ,1
Scottish Highlands,1
Snaney,1
Firmly on planet Earth,1
Earth üåç üá´üá∑ üá©üá™ üá¨üáß üáÆüá™ ,1
"Brooklyn, NY & Worldwide",1
UK.,1
"Essex, Britain",1
"The Wick, London",1
he/him. Norwich,1
"Tampa, FL",1
Redditch,1
Woodberry Down/Hackney/London,1
"Las Vegas, Nevada",1
Milton Keynes ,1
On the sofa with @drneilfox,1
"Aberfeldy, Scotland",1
Hurtling into the abyss,1
The Bugle Planet,1
america's üá¶üá∫,1
"Eton, UK",1
Society of Chief Officers of Trading Standards in Scotland,1
Kigali- Rwanda,1
"Washington Square, Philadelphia",1
"Walsall, England",1
cumbria,1
Save Apostates,1
Scotland in Europe,1
"Ceut√≠, Murcia",1
Visca Catalunya,1
Forever in the EU,1
"Warlingham, Surrey",1
‚öí fantastic Harlow ‚öí ,1
Mumbles & Brisbane,1
Between the mountains and the sea,1
Ko Ko Bop | GZ üíï,1
"Catalunya, Europa",1
" Yorkshire, England , uk ",1
"Etterbeek (B), Hannover (D)",1
UK #NEVERAGAINSTARTSWITHYOU,1
"Pontcanna, Cardiff",1
"Illinois, USA",1
Teldrassil,1
"NRW, Germany",1
"Springholm, Scotland",1
Ynys M√¥n - Caerdydd ,1
"Dreieich, Germany",1
"San Francisco, CA USA",1
Milky Way,1
Portsmouth,1
Parma,1
"Stockport, Cheshire",1
Over the rainbow,1
"Rotherham, South Yorkshire",1
Norwich/Wilmslow/Saaath London,1
"Sachsen, Dresden, Bautzen,...",1
Paraguay,1
Lagging Behind,1
"Almer√≠a, Spain",1
London/New york.,1
"Bristol, Gro√übritannien",1
"Bolton, England",1
bristol,1
"Windsor, South East",1
Croydon,1
New Orleans,1
Norwich Norfolk England,1
McCarthyism,1
Rome *** World *** ,1
"Argentina, Bs As, Ituzaing√≥",1
Bedminster,1
Surbiton,1
Beal feirste ireland,1
Republic of the Philippines,1
"Dunbar, Scotland",1
London ¬∑ New York ¬∑ Singapore,1
DP World London Gateway,1
"Stamford, Lincolnshire",1
Brexitania,1
near Barcelona,1
Badalona,1
"Nanaimo, BC",1
Kent. England,1
telford uk,1
Toronto / Blairgowrie SCOTLAND,1
S******d,1
RedChanIT Inc.,1
"Freiburg, Germany",1
"Hu√©rcal de Almer√≠a,Almer√≠a.",1
"Rugeley,Staffordshire",1
East  Lothian,1
"Plymouth, Devon",1
Freistaat Groningen,1
Central Belt,1
"Barton-under-Needwood, Staffs",1
"By the beach, Melbourne",1
Ldn - Capital of Europe,1
Berlin and Los Angeles,1
 Republic of North Lanarkshire,1
"Weybridge & Wimbledon, UK",1
"Leeds, United Kingdom",1
Peoria,1
T&W,1
"Isle of Wight, England",1
"Birmingham, west Midlands, UK",1
"launceston, cornwall",1
Canberra,1
"SW Missouri, USA",1
Manchester  UK,1
Blackrod,1
"Lake District, Great Britain",1
Somerset.,1
"Newmarket, England",1
"Rhoscolyn, Anglesey",1
Internacional,1
"Oxford, UK; Bogota, Colombia",1
"France, l'union europeenne",1
Towcester,1
"High Wycombe, England",1
"Sheffield and Treforest, Wales",1
"Delft,NL",1
Perpignan -Pyr√©n√©es Orientales,1
Cambridge etc ,1
north Yorkshire.  UK,1
Qu√©bec (CAN),1
Washington DC ,1
Walton-on-Thames,1
"Asunci√≥n, Paraguay ",1
germany,1
Suffolk,1
Perth (Scotland),1
No hope Britain ,1
Lothians,1
japan,1
"Sparta, NJ",1
Everywhere.,1
Pitlochry,1
London - citizen of Europe,1
"supine, floor, narrow canoe",1
The Blogosphere,1
"Civilized World, I suppose....",1
"London, center of the world (before brexit)",1
"Johannesburg, South Africa",1
Edinburgh #TenementScot,1
south west wiltshire,1
Dundee/Edinburgh,1
"Knowsley, Merseyside",1
Baltimore MD,1
"Bordeaux/Le Pian sur Garonne, France",1
New Mexico,1
"Manchester, Sheffield ",1
Accrington,1
Texas,1
Manchester (UK) & Jaipur (IN),1
Rheinland-Pfalz & weltweit,1
The Borough,1
"Fenton, MO",1
PERTHSHIRE,1
Vic,1
"Sabadell, Catalunya",1
"fullerton, CA",1
Woking,1
http://www.iainrobinson.com/,1
Nagappattinam Dt,1
Entre Corbera i Sant Boi,1
Tlf. 923215688  Salamanca,1
Huston Zoo,1
Alg√∫n d√≠a ‚û° Jap√≥n,1
New York CIty,1
torpoint cornwall,1
"Bengaluru, Karnataka",1
"Oxford, United Kingdom",1
Belgrade,1
UK & PORTUGAL,1
Rydych Chi Yma,1
Polska/Warszawa ,1
"South Central, England",1
"Tokyo and Nagoya, Japan",1
London U.K,1
Birkdale,1
Glasgow + London,1
Den Haag,1
"35.8575303,128.5409414",1
"K√∏benhavn, Danmark",1
Cologne,1
United Earth (aspirational),1
Jal dib - Mount Lebanon,1
England ...then the World!,1
"Glencoe, Scotland",1
Saint Maur 94,1
"Milan, Italy",1
Birkenhead ,1
"terrassa, catalonia",1
Republic of Texas - TGDN,1
"Bradwell Great Yarmouth, ",1
Netherlands,1
Newcastle UK,1
0RCR,1
Nowhere and Everywhere,1
"This, er, particular town",1
"Kilburn High Road, London NW6",1
"Redondo Beach, CA",1
Tyneside - RT ‚â† Agreement ,1
Êù±‰∫¨ ÂÖ´ÁéãÂ≠êÂ∏Ç,1
"Vilassar de Mar, Catalunya  ",1
Sarnen and Z√ºrich Switzerland,1
Bean Town,1
"Umgababa, South Africa",1
"Lisboa, Portugal",1
I like the hat,1
"Honolulu, Hi",1
"Assam, India",1
Berlijn,1
uXbRiDgE/ IslAMaBAD,1
Peak District,1
"Lahore, Pakistan",1
Uk ,1
"Lambourn, UK",1
in the wilds,1
ul. Widok 10 Wroc≈Çaw ,1
lancashire,1
"New Mills, England. and Europe",1
51¬∞31'39.0N 0¬∞11'11.1W,1
New York-Madrid,1
"Hertfordshire, UK",1
Salamanca,1
"Huntingdonshire, England",1
"Sussex, UK",1
"G√∂teborg, Sverige",1
"Who knows,outta EU!",1
The land that time forgot,1
"Bath, England uk",1
"Abia, Nigeria",1
CORNWALL,1
Tangerang,1
Santo domingo,1
Hull & East Yorkshire,1
Some Where in this World,1
"Belgravia, London",1
Nowhere constant,1
Bs As,1
Channel Islands.,1
"Coimbra, Portugal",1
"Evidently,Chicken Town. ",1
"Warwick, UK",1
Madrid - Barcelona,1
"Viersen, Germany",1
"Mumbai, India",1
"San Mateo, CA",1
"Milano, Lombardia",1
Dublin and Brussels,1
"Rzesz√≥w, Polska",1
"Flensburg, Germany",1
"Pilsen, Czech Republic",1
north west,1
"Coppet, Switzerland",1
London & Singapore studios,1
North Platte,1
Co.Offaly,1
Aldea gala,1
"geordieland, england",1
"Hartford, CT",1
"Gloucester, England",1
1999,1
"Dorset, UK",1
Between China  and Brighton,1
"Paris, London, Bruxelles",1
‚úå‚ôì,1
Oxford ,1
Toulouse,1
"Stratford-Upon-Avon, England",1
Just off The Northern Line,1
"Perthshire, Scotland",1
"Washington, DC, Krak√≥w",1
"CA, US",1
"Houston,TX",1
"Liverpool, England (EU)",1
"East Grinstead, Sussex, Europe",1
Carlisle,1
TANZANIA,1
Budapest,1
"Chicago, IL
",1
East England,1
"Dunkeld, Scotland",1
Country full of village idiots,1
Cambridge and Harringay,1
wheretheheartis,1
On your left,1
"Cheapside Mews, London W2",1
Exmoor National Park - Europe,1
Quintana-Badajoz-NewYork;),1
lost in space,1
citizen of the world ,1
United Kingdom | United States,1
"Dock of the Bay, UK",1
London/Cambridge,1
Ciudad de M√©xico,1
Frinton on sea Essex,1
Dublin via West (West) Cork,1
"Chicago, IL, USA",1
"S√£o Paulo, Brasil",1
"Valladolid, Espa√±a",1
All Over The USA,1
Home,1
Up creek; paddling like stink ,1
Welcome to Peace Loving Singapore!,1
Back in Bradders,1
The pool of life.,1
Cumbernauld,1
"e9,sw1,nw5",1
#London #UK #world,1
Birmingham/Sheffield,1
Torfaen,1
"Cirencester, England",1
GBR    #GBR,1
"Malaga, Spain",1
Peacefully in Europe,1
Highlands & Islands,1
"Cornwall, Devon, London, South East & Cotswolds.",1
Florida,1
"Heraklion, Crete, Greece",1
"Ontario, Canada",1
"Neath, Wales",1
me@RupertMyers.com,1
An infidel no longer on a desert island ,1
Location: Rattling your cage.,1
Statesboro,1
"Bucks/London, United Kingdom",1
‚úàLondon‚úàParis‚úàSt.Petersburg‚úà,1
Crespano del Grappa (TV) ,1
"ATL, BGR, CDG",1
"Duncanville, TX",1
Timbuktu,1
Bilbao,1
Fact Based World,1
pistoia,1
smoothtrafficjonny@outlook.com,1
Herts x Essex,1
wellington boot aka. welly,1
"Jerusalem, Israel",1
Tetu√°n. Madrid,1
stoke on trent,1
Wokingham,1
Northern hemisphere most of the time,1
"Lincoln, UK",1
 Kingdom of Remoania,1
"NYC,LA,MIA",1
üåç ‚ù§Ô∏è,1
"Haworth, England. ",1
"Theale, Reading",1
Brighton / London,1
The Zooniverse,1
Frumpytown,1
Dog,1
"Poole, England",1
South East Asia,1
Where the Science is. ,1
Leicester UK,1
In the English countryside,1
Torino,1
"Vic, Catalu√±ya",1
earth,1
London/Maidenhead/York,1
Rutland,1
Carabanchel,1
SE London/Kent/Sussex/Botland,1
Denmark,1
DKI Jakarta,1
Merseyside,1
newport pagnell services,1
"Chicago, IL",1
"Wales, UK",1
"Cut and Shoot, TX",1
Praha,1
"Milky way, solar system, Earth",1
Ninth level of hell,1
"Preston, Lancs
",1
"Lewes, East Sussex, UK",1
"Essex, UK, Europe  ",1
Boston-Cambridge,1
Lisboa,1
Ivebeeneverywhereman,1
Stoke; Proudly still in the EU,1
Between 2 Oblivions,1
Isle of Man,1
SDF-1 Macross,1
UK EU,1
London and Global,1
Pretender to the throne link..,1
"Cobisa, Espa√±a",1
"Widnes, really?",1
Atlantic Ocean,1
127.0.0.1,1
"Augsburg, Bayern",1
Taunton,1
Sandhurst,1
Palma,1
Practicing Kindness,1
"Baku, Azerbaijan",1
"Alajuela, Costa Rica",1
NorthEast England,1
City of That London ,1
"Milano, Italia, Europa",1
soon to be a free country,1
Swansea (Wales),1
"Braga, Portugal",1
Finland . Italy . Brazil,1
"Old Sarum, Salisbury, Wilts,UK",1
"Lancs,UK,EU,UN Earth(damnit).",1
"UK, Canada, The World",1
N 52¬∞39' 0'' / W 2¬∞26' 0'',1
Maryland,1
„Åì„Åì„ÅØ„Ç¢„É°„É™„Ç´„ÅÆÂç†È†òÂú∞„Å†„ÄÇÊó•Á±≥ÂÆâ‰øù„Å®Âú∞‰ΩçÂçîÂÆöÔºãÊó•Á±≥ÂêàÂêåÂßîÂì°‰ºö,1
"Cottenham, Cambridge",1
Warwickshire / Dubrovnik,1
Bucharest,1
Polzeath (The hotel not me ),1
"Washington, USA",1
Europa,1
Of no fixed abode for 4months,1
https://justicedemocrats.com/,1
East London,1
Divided Britain,1
"Acton, MA | Peru, VT",1
Andorra,1
Jakarta Barat,1
"England, UK Earth",1
US Some NYTs RTs are automated,1
Altrincham Cheshire,1
Maldives,1
glesga,1
London week Brighton weekend,1
"Lyon, France",1
"Bluffton, SC",1
UG(med) in JPN,1
ruthin,1
"Brighouse, Yorkshire",1
‚ôí ·¥è“ì“ì…™·¥Ñ…™·¥Ä ü ·¥õ·¥°…™·¥õ·¥õ·¥á Ä ·¥Ä·¥Ñ·¥Ñ·¥è·¥ú…¥·¥õ,1
"London, Paris, Ioannina",1
"Stockholm, Sverige",1
only we know,1
"Sutton Bonington, England",1
West Sussex/Pollenca,1
"UK, Kenya",1
South Yorkshire,1
"Winchester, England",1
waltham abbey,1
Leicester / Sheffield,1
"Bethesda, Gwynedd, UK",1
"England, United Kingdom, EU",1
Middlesbrough,1
Tukums,1
#Perelandra #Thulcandra,1
"The Hague, The Netherlands",1
The European Union ,1
Ether,1
"Bromley, UK ",1
"Port Coquitlam, B.C Canada",1
" London, UK",1
Wroc≈Çaw,1
"Helsinki, Finland. Also JOE",1
Worcestershire UK,1
"Scotland, ayrshire",1
Liverpool City Region,1
Êù±‰∫¨Â∫ú‰∏ã„ÄÄÂåóË±äÂ≥∂ÈÉ°,1
"Br√ºssel, Belgien",1
Xaverian College Manchester,1
"Huon Valley, Tasmania",1
"Paris, Ile-de-France",1
North Somerset,1
"Motherwell, Scotland",1
"Ciudad Aut√≥noma de Buenos Aires, Argentina",1
This particular town,1
Land of the Unicorn,1
Vanuatu,1
"Asuncion, Paraguay",1
Key West,1
"Carlisle, England",1
"Mitte, Berlin",1
"Leeds, West Yorkshire ",1
Wisconsin,1
"Sudbury, Suffolk",1
"51.440765,0.13181433",1
South Oxfordshire,1
"Woko / Bracknell, Berks",1
Los Angeles,1
"Berkshire, America üá∫üá∏üåé",1
"Fort Lauderdale, FL",1
"Jakarta Timur, DKI Jakarta",1
Caerdydd/Hirwaun,1
The Previously United Kingdom,1
"Watford, UK",1
"Fulham, London",1
Hameldaeme,1
"de Beauvoir,  London",1
"Clonakilty, Co Cork",1
"NeoTokyo, MD",1
"Dublin & Belfast, Ireland",1
Battersea,1
All over the net,1
Galaktikos,1
Vietnam,1
"Milton Keynes, United Kingdom",1
global,1
Washington DC-London,1
"Queensland, Australia",1
A little house in the outback.,1
Qatar l UK ,1
global citizen based in the UK,1
"Remainia, Brussels, & Chunnel",1
"Dayton, OH",1
 Somerset,1
In Europe,1
"Sao Paulo, Brazil",1
"Charlotte, NC",1
"Scarif vault, citadel tower",1
North Essex,1
"Makurdi, Benue State Nigeria",1
The One & Only. #Manchester UK,1
Margate UK,1
"Santiago, Chile",1
London ‚Ä¢ Edinburgh ‚Ä¢ Falkirk,1
"London as yet GB, Europe",1
San Junipero Beach,1
Wales/ London,1
"Ume√•, Sverige",1
Buenos Aires,1
"Las Cruces, NM",1
"Kilburn, London, England",1
spain,1
"Dubai, UAE",1
This green and pleasant land,1
Bonny Scotland,1
"Cambridge, Mass.",1
Groenlandia,1
"Attica, Greece",1
UK - Maidenhead,1
Inverness,1
Êó•Êú¨„ÅÆ„ÉÅ„Éô„ÉÉ„Éà,1
Nam. Tottenham.,1
The World Trading System,1
¬Ø\_(„ÉÑ)_/¬Ø,1
YORKSHIRE & London,1
nr Cambridge UK,1
"Friesland, Netherlands",1
"Bexley, London",1
"Aberdeenshire, Scotland",1
"Northumberland, england",1
"Bretagne, France",1
Thailand,1
"Loenen, Stichtse Vecht",1
rob45activist@gmail.com,1
nowhere near you,1
Êó•Êú¨,1
"portsmouth ,Rhode Island",1
Sunny Fife,1
London  ,1
D√ºsseldorf,1
"Chatham, Kent, England",1
At the Prime Meridian,1
Hutan Belantara,1
"18 Savile Row, Mayfair London",1
"Crowthorne, England",1
"on a rock, milky way galaxy",1
Twinsburg ,1
PAR | LON | NYC | CLE,1
Steel City,1
scotland ,1
DARE has been reprinted 4x,1
"Arizona, US",1
Marylebone London,1
Beylikd√ºz√º,1
√ñsterreich,1
York England,1
On my way to ...,1
"Bromley, London and norfolk ",1
Lahndan,1
Depok,1
"Chilworth, Southampton",1
Famous Five Lower,1
"#ME02 Moscow, Maine",1
"Petrockstow, Devon, UK",1
Outer Bongolia,1
Santiago de Guayaquil,1
Thailand Malaysia Indonesia ,1
"Clearwater, FL",1
Montpellier,1
Kashyyyk,1
Central America,1
"55.443, -4.629",1
"Conservativeland, Orange Co CA",1
"Tabasco, M√©xico",1
"Novelty, Ohio",1
Running wild in the Sett,1
East German astray in Scotland,1
"Woking, Surrey, England",1
"Stockton-on-Tees, England",1
Nicaragua,1
Hinckley & Bosworth,1
"Essex, UK",1
"Lancaster, England",1
"South Dakota, USA",1
Dudley,1
Brighton/London,1
Philadelphia,1
"Stirling, Scotia",1
New England,1
Eorpa,1
Kinda Global,1
"Darlington, England",1
Near the North Sea U.K.,1
Venezuela,1
World (Lisbon & New York City),1
Left-Wing Fantasy Land,1
"New South Wales, Australia",1
London (United Kingdom),1
"Frome, England",1
"Aberystwyth, Wales",1
In Your Naughtiest Dreams!,1
"Bury Saint Edmunds, England",1
Somewhere on OS map 47 or 50,1
"Scourie, Sutherland",1
Longcroft & Isle of Bute,1
Shrewsbury,1
"Glasgow, Scotland, UK",1
Merseyside.,1
Under your bed,1
ExLib supporter ,1
Tanzania,1
"Adelaide, South Australia",1
ƒ∞stanbul,1
"Frxta, Norway",1
Up in the hills,1
Earth Sol 1 MilkyWay Laniakea ,1
Wirral,1
Little England,1
Washington D.C.,1
"Crawley, England, UK",1
"Haverhill, England",1
Aberdeenshire ,1
"Whitland, Wales",1
Cambridgeshire & London,1
"Teignmouth, England",1
Earth 616,1
Oxford/Buckinghamshire ,1
"Jakarta, Indonesia",1
Hogwarts,1
Ponte Caffaro,1
milngavie,1
"Granada, Spain",1
lincs,1
–º–æ–π –∞–¥—Ä–µ—Å –°–æ–≤–µ—Ç—Å–∫–∏–π –°–æ—é–∑,1
 Australia,1
"Bridgend, South Wales",1
"Amsterdam, The Netherlands",1
"New Hampshire, USA",1
Hammersmith and Fulham London ,1
D9,1
Path to Victory,1
Rotterdam/London/Zomba/Kampala,1
Outside the asylum,1
"Machelen, Belgium",1
"Orlando, FL",1
"Avar√©, Brasil",1
"Salisbury, UK",1
Stratford-Upon-Avon,1
"Trentino-S√ºdtirol, Italien",1
Zionist occupied England. ,1
objectivit√©/serieusit√©,1
Bonnie Scotland ,1
Fife,1
Mildenhall,1
Royal Leamington Spa,1
"far, far away from you",1
"Burlington, Ontario",1
"iPhone: 51.497821,-0.179038",1
AloneInBerlinüåàüë•üëÇüèΩ,1
"Naples, Florida",1
woodland,1
"The City, England",1
Smexico,1
"Manchester, England ",1
York,1
England & the world,1
"Scotland, Europe üá™üá∫üåê",1
New Hampshire,1
"Armagh City, United Kingdom",1
Calgary,1
"Almaty, Kazakhstan",1
Cyberspace,1
Bali,1
City of London & East Midlands,1
Find me in a museum,1
"New Inn, NP4",1
Pontefract,1
F√∂derierte Staaten von Mikrone,1
Thatcherite Wilderness,1
New York and the World,1
Somewhere in The Scotland‚Ñ¢,1
"Torrelavega, Cantabria, Espa√±a",1
Macclesfield,1
Buckinghamshire,1
Uruguay,1
"Budapest, Hungary (sometimes)",1
"Atlanta, GA (most of the time)",1
"Wuppertal, Germany",1
London and Wales,1
"Stornoway, Scotland",1
"Waltham Abbey, Essex",1
West Lothian,1
CATALUNYA! Sempre.,1
95% Frankfurt 5% Palencia,1
"Oddington, England",1
Europe and London,1
Brussels and Berlin,1
Rotterdam,1
homeless,1
SE25,1
Nouvelle-Cal√©donie,1
Bath/ Bristol,1
Stowmarket,1
"Brixton, London",1
"SW Nineteen, Pacific Northwest",1
"Keystone Heights, FL",1
"Brussels, London, Ljubljana",1
Brighton,1
Pa√Øsos Catalans,1
"Yvelines, Ile-de-France",1
Londoner by the seaside üèñ,1
US,1
London W9,1
Hertfordshire ,1
"Birmingham, AL",1
"Macclesfield, Cheshire",1
Japan,1
Eire,1
üáØüá≤üá¨üá≠   ,1
The world is my scallop!,1
idol hell,1
 Newton Chester,1
126 Wigmore Street | LONDON,1
"Jersey, Channel Islands",1
"BARKING, UK",1
"Ye old Baltic Exchange, London",1
"Bangor, Gwynedd",1
Sentmenat,1
everywhere&nowhere,1
Cheltenham uk,1
Bintaro,1
"Las Vegas, NV",1
Per√∫ ,1
"Hillingdon,Middx",1
Barb√®s / Bristol / Beyond,1
"St Albans, United Kingdom",1
"West End, Glasgow",1
Lower Bridgford,1
Cymru/Wales,1
planet ,1
"Ashford, England",1
C√°ceres - Spain,1
"Bursledon, England",1
Plymouth,1
"Withington, Manchester",1
"Irvine, Scotland",1
"Seven Sisters, South Wales",1
"Sheffield, England.",1
"Antwerp, Belgium",1
K√∏benhavn,1
Riyadh,1
Anywhere The Resistance Is,1
"Banyoles, Catalunya",1
Dewsbury/Manchester,1
The Sick Man of Europe - A Failing State,1
"Pulau Pinang, Malaysia",1
Kingdom of Northumbria,1
"London, UK and Nice, France",1
Swindon,1
"Bradford, UK",1
London / Northern Ireland,1
Longstanton Spice Museum,1
Highbury,1
"London, Warwickshire, England",1
Tinydong Manor,1
"Nowhere, apparently",1
"Wolverhampton, England",1
12/07 14‚ô°,1
Por el bajo Llobregat,1
"Guildford, UK",1
Milky Beanz,1
"Cleveland, OH",1
"√éle-de-France, France",1
Germany/Mexico/London,1
"Sleaford, Lincolnshire, UK",1
Colossals Scrotum Scratcher,1
The Lizard & Hounslow,1
near Tunbridge Wells,1
"University of Bath, England",1
The middle of nowhere.,1
"M√ºnchen DE, Miami Fl USA",1
Corby,1
Inbhir Chluaidh,1
"Chester, UK",1
Amagh,1
"Cambridge, MA",1
"Auckland, NZ",1
Êñ∞Âä†Âù° Malesia,1
Summit of Foel Figenau....,1
"United Kingdom, EU",1
Pennsyltucky,1
Oswestry,1
Athens - Nicosia,1
Miami Beach,1
"UK, between th' ills and mills",1
Lanarkshire,1
Pale blue dot,1
Progressive Alliance ,1
Warwickshire UK,1
blackpool,1
"ƒ∞stanbul, T√ºrkiye",1
 Bath,1
Over there,1
"Saint-Petersburg, Russia",1
#Latvia,1
east london/essex,1
"Leiria, Portugal",1
Danmark og verden,1
Derbyshire Staffordshire + EU,1
"Arizona, USA",1
Scotland.,1
Clackmannanshire,1
Citizen of The World,1
Armaged√≥n,1
Tatooine,1
retweets are not endorsements,1
"Atlanta, GA",1
DC/Cape Town,1
Ug-Kl'a,1
 ,1
"Speakers Chair, House of Twits",1
"Kensington, London",1
"Montr√©al, Qu√©bec",1
Baix Guinard√≥ / Es Molinar,1
A Nationwide Casting Service ,1
"kent, uk",1
The European Union (EU),1
Bcn,1
NW England,1
Down by the Seaside,1
bali,1
Up on the white veranda.,1
"Anywhere, USA",1
Location,1
Sutton Coldfield,1
Cymru Wales,1
IL,1
"Deal, Kent",1
"San Jose, CA / APAC",1
Amsterdam-Atlanta,1
"Tours, Paris",1
"Crewe, England,BrexitBritain",1
"Valencia , Espa√±a.",1
Humane Society,1
Parkgate. Neston Cheshire,1
Áü≥Â∑ùÁúå„Åß„Åô,1
"Dallas, Texas",1
Globally,1
Border Hopper UK,1
Dubai-–¢–∞—à–∫–µ–Ω—Ç,1
"Portland, ME",1
Barrow-in-Furness,1
AŒ¶Œë london,1
we share one side,1
"Kortrijk, Belgi√´",1
"Romford, Essex",1
"Don Mueang, Bangkok",1
"Uttoxeter, England",1
"Alexandria, VA",1
cheshire,1
"Swindon, Wiltshire",1
"Espoo, Finland",1
"Baia Mare, Rom√¢nia",1
Houston,1
Kolkata,1
"Naperville, IL",1
PLANET EARTH - ON TOUR : Stop off London New York,1
Leipzig Halle Jena,1
"York, UK. Island off North West Europe",1
un lugar por ahi,1
"Dartford, kent",1
London and all over the world,1
Potosi,1
Vigo - Espa√±a,1
france (91),1
That is a good question,1
"lrish, working uk",1
Cymru. Ffindir. Ewrop.,1
"Rotorua District, New Zealand",1
Shetland,1
naval gazing ,1
Wiltshire,1
"Blackrock, Dublin",1
"Canada, Earth",1
"Welshpool, UK",1
Kekistan,1
"East Yorkshire, UK",1
"East Kilbride, Scotland",1
Bushey,1
YORKSHIRE / NEWCASTLE,1
"London, England (usually)",1
the World,1
desk,1
world,1
"Grandview, MO",1
"Alton, England",1
Kingston Upon Thames,1
Right here. Meow to you too!,1
Lilycove City,1
Ciudad Real ,1
"London, E14 9FW",1
Staffordshire ,1
"Le Havre, Haute-Normandie",1
M√ºnchen,1
"Humble, TX, US, 77346",1
Durham,1
Eurasia,1
"Detr√°s de ti, tomando una foto",1
"Scarcroft, England",1
Nice-Paris,1
Burgess Hill & Brighton,1
Merthyr Tydfil. Lark Ascending,1
Gibraltar ,1
Bucks UK,1
Antigua and Barbuda,1
"Usan, Scotland",1
"Plymouth, UK",1
Italy,1
"Dover, UK",1
"Toronto, Oakville, Canada",1
Southsea,1
Birmingham / Oxford,1
"Northamptonshire, England",1
"Perry, GA",1
"Manchester , Bielsko-Biala",1
"47.378432,8.510435",1
Brussels | EU citizen,1
Sunny South florida ,1
Twitter Dot Com,1
The EU,1
Old England,1
New South Canada,1
 Boston MA #Followback,1
Stratford Upon Avon ,1
London/Italy/Netherlands,1
"Athens, Greece.",1
Parallel Earth,1
"Lichfield, England",1
"Brentwood, England",1
flatlandia,1
Middle Earth,1
#1o5C üåê #Global #Emergency üåª,1
"Surf City, NC ",1
"Madriz, Amsterdam, Cadiz, S.D.",1
"Wallington, Surrey",1
"Nairobi, Kenya",1
London via County Durham,1
Leyton,1
"Ribble Valley, England",1
"York, North Yorkshire",1
"Vic, Catalonia",1
"Western Australia, Australia",1
Europe. And I am not leaving,1
Galway on the Atlantic coast,1
"Bedfordshire, England",1
Portugal. Lisboa,1
"Arlington, VA",1
Tunisia,1
"Cork, Ireland",1
Behind you...,1
"Wishaw, Scotland",1
"El Papiol, Catalunya",1
greater manchester,1
Bath: UK,1
Greater St Louis MO Area,1
Whitstable,1
"Dover, England",1
belfast u.k.,1
"Istanbul, Turkey",1
NN,1
Republica de Catalunya,1
"iPhone: 52.161575,-1.861702",1
"Davos, Schweiz",1
"Einsiedeln, Switzerland",1
N 53¬∞25'34'' / W 6¬∞14'44'',1
"iPhone: 51.543440,-0.042847",1
Royal Borough of Greenwich,1
For entertainment purpose only not for supercilious souls,1
east northants,1
Europe!,1
Europe ,1
LaLa Land,1
Oxford (probably),1
DSG,1
Europe.,1
Somewhere over there or on...,1
Discord- Freddyboi666 #7427,1
Bida,1
"Karlsruhe, Baden-W√ºrttemberg",1
No,1
Tilbury,1
"Huddersfield, England",1
"Brent, London",1
"53.803365,-1.619035",1
Wales Cymru,1
Cambrils,1
Budley Salterton Twilight Rest Home for the Terminally Short of Cash,1
British Migrant in France,1
Nowheresville,1
rebel@cockneyrebel.uk,1
"Lancs, NW England",1
A Lady from Lincolnshire,1
"Pollen√ßa, Spain",1
Great  Britain ,1
London / the world / Pompey,1
"Kyiv, Ukraine ",1
Colgate University,1
Hostafrancs (EastEnd Cortsenc),1
St. Idesbald,1
"London, Birmingham, Glasgow",1
„É≠„Éº„Çº„É≥Âä¥ÂÉçÂÖö‰∏≠Â§ÆÂßîÂì°‰ºöÊ§úÈñ≤ÂßîÂì°‰ºö,1
"Camberwell, London",1
"Dickgirl, Dong Town",1
"Tarragona, Espa√±a",1
3rd Stone From The Sun,1
Amsterdam ,1
"Amersham, South East",1
"Bruges, Belgium",1
"Holborn, London",1
UK / SE / W. Midlands,1
"≈Ωi≈ækov, Praha",1
Huddersfield,1
"Lund, Sweden",1
Norway,1
Here there everywhere,1
EUROPE 48%,1
Chemnitz Dresden Bautzen,1
"Riga, Latvia",1
Shanghai and still earthbound,1
"Miami, FL",1
"Brookings, SD",1
"Sevenoaks, Kent",1
"Poland, European Union",1
"Bebington, Wirral",1
"Forres, Moray",1
"Palma, Espa√±a",1
London & Sea-Side Brighton,1
huddersfield,1
"Glasgow, UK",1
Canada ,1
Essex,1
Belgravia,1
UK/Spain/Gibraltar,1
Withernsea / Hull / Rotterdam,1
"Elephant and Castle, SE17",1
Memphis area,1
"Roma, Lazio",1
York & Manchester,1
‚Ä†‡•êtheŒ©earth ¬Æ¬©‚Ä†,1
London/ south,1
Travels with bindle,1
"london,uk",1
ŒöœçœÄœÅŒøœÇ ŒõŒïŒ•ŒöŒ©Œ£ŒôŒë CYPRUS NICOSIA,1
"Furness, Cumbria, UK",1
 a part of EMET NEWS PRESS ,1
Everywhere & Nowhere,1
9th circle of heaven,1
"London, Lagos",1
"Byfleet, Surrey ",1
Camlough,1
new jersey,1
mothership,1
"Finland, AKA Suomi",1
"Cuetlaxcoapan, M√©xico",1
"A River Runs Thru It, USA",1
"Moscow, Russia. APT 28, GRU",1
Beach Hideout,1
"Long Beach, CA",1
Waterford / St Leonards on Sea,1
"The seaside, Essex.",1
United States üá∫üá∏,1
Cardiff Bay,1
"Balaguer, Catalonia",1
"Suplex City, Bitch",1
"Hayfield, High Peak, UK.",1
"Great Yarmouth, England",1
"Ubiquitous - NZ, SIAM & UK",1
"Valencia, Comunidad Valenciana",1
mindseye vt,1
Narfolk,1
Bristol/Cardiff,1
Pangaea,1
Bristol UK,1
Polska,1
"Ardpeaton, Scotland",1
"Kentucky, USA",1
"iPhone: 0.000000,0.000000",1
"Up North, England",1
"Kings Norton, Birmingham",1
the bowels of Fife,1
"Batley, England",1
Over the hills and far away!,1
Warszawa,1
"Durban, South Africa",1
"Hatfield, East",1
Coventry UK,1
Mexico City,1
South Kent coast,1
"Faversham, Kent",1
west london,1
"Buckley, Wales",1
"North Wales, United Kingdom.",1
"Nottingham, European Union",1
"Bucharest, Romania",1
"Birmingham mostly, Leeds often",1
espa√±a,1
staou√©li alger             ,1
Shelton Street London WC2H 9JQ,1
"Lewes, England",1
"Lincoln, New Zealand",1
"Helsinki, Finland",1
"Clatterbridge, Wirral",1
"Strasbourg (SXB), Europe.",1
"London, England ",1
New York / Gothenburg,1
Sussex by the Sea!,1
"Tokyo,„ÄÄJapan",1
"London, England.",1
Les Deux Alpes,1
Sunny Swindon,1
Walking the earth,1
Londinium,1
"Bury St. Edmunds, Suffolk, UK",1
"British Columbia, Canada",1
"√úT: 52.510298,13.377545",1
"Arzier, overlooking Lac L√©man",1
"Hatfield, Herts",1
"Barnet, London",1
Birmingham ,1
"UK, Nationwide",1
"Guiseley, England",1
"Luton, England",1
Go Tower,1
over uk,1
"Banbridge, Northern Ireland",1
"Salou, Espa√±a",1
"iPhone: 50.699996,-1.299352",1
"Franklinville, NJ",1
Birmingham/Exeter,1
"Cleveland, Ohio",1
12 locations worldwide,1
torfaen,1
"Sandy Beach, USA",1
"Carmarthen, Wales",1
Twitter,1
On the Set‚òÜ,1
us,1
"Ramsbottom, England",1
Tees Valley,1
"Perth,Australia",1
"Bruselas, B√©lgica",1
Greece Athens  Rhodes,1
"Grays, Essex",1
Black Lubyanka,1
Paris / Luxembourg,1
My armchair,1
el callej√≥n,1
Saxony,1
Lake District,1
"Georgia, USA",1
"Bognor Regis, England",1
Scotland ,1
"Salford, UK",1
insta: walid.png,1
Where The Client Is.,1
 London  UK,1
"Aberdeen, Scottish not British",1
"Grays Thurrock, Essex, England",1
Contae na Gaillimhe,1
"Vibrant, Fantastic Glasgow",1
Toscana,1
"Montpellier, France",1
Clydebank,1
Belfast Dromore Alassio,1
Parsnips Household,1
East Kent,1
London/birmingham ,1
‡§≠‡§æ‡§∞‡§§,1
"Royton, Lancashire",1
S.Devon.,1
China,1
"herts, UK.",1
North West of Ireland,1
Manchester England,1
"Stockholm, Sweden",1
"London, NYC, Hong Kong",1
Around The World,1
"United Kingdom, Europe",1
"North Wales, UK",1
"Dallas, Texas, USA",1
"Melbourne, Victoria",1
"Montebelluna, Veneto",1
Europe (Little England),1
Here and there,1
www.science-sense.healthcare,1
WORLDWIDE ,1
Miami,1
Exmouth in Devon,1
"Probably Scotland, sometimes Japan",1
Magic Carpet,1
London - Stamford Bridge,1
"Worms, Deutschland",1
"Armenti√®res,Nord-Pas-de-Calais",1
"Sonoma County, CA",1
Lynbrook,1
Wind Turbine View,1
England but wish I wasn't.,1
"UK, South West",1
Midwest,1
world wide web,1
"San Fernando, Espa√±a",1
ENGLAND,1
"West Meon, England",1
"Ribble Valley, UK",1
Paris - Brussels - Europe,1
Emerald City,1
"Dundee,Scotland.",1
"Salzburg, √ñsterreich",1
"Worthing, England",1
London. UK,1
"Lisburn, N.Ireland",1
"50 London Road, St Albans AL1 ",1
here ...there ...everywhere,1
Bulgaria,1
"Bizkaia, Pa√≠s Vasco",1
"Windsor, Ohio",1
Northamptonshire,1
"Central London, UK",1
21 bag juice street kingston13,1
Justice for all,1
sm5/se25,1
"NL home, Born UK, Work - World",1
nowhere,1
team@order-order.com,1
www.danieldaltonmep.co.uk,1
"Tredegar, South Wales",1
"Bury, Manchester, UK",1
Cunlhat,1
Greater Scotland,1
"North Wales, United Kingdom",1
"Marseille, France",1
Retford,1
Bolton,1
"Franklin, Wisconsin",1
"Colorado, USA",1
Cornell√† de Llobregat,1
"Ards Peninsula, N. Ireland",1
"Abbey Rd, London NW6 4DN",1
US / EU,1
Gotham(+254),1
The English Lake District ,1
"Portsmouth, UK",1
"Allestree, Derby, UK",1
"Ontinyent, Espa√±a",1
"Dallas, TX",1
"Dublin and Galway, Ireland",1
"Reading, UK",1
Nantwich,1
NYC ,1
Mexico,1
"Zurich, Switzerland",1
"Ayr, Scotland",1
Oxford & Berlin,1
"Colwick, Gedling, Notts, UK",1
Horsham,1
atlantic coast,1
At home in Scotland! & Europe ,1
Brazil,1
"London, heart of the Universe",1
"Detroit, MI",1
Herts,1
ATL,1
"Croydon, London",1
Mercia-Middle Earth-England,1
"Rotherham, England",1
"West Sussex, United Kingdom ",1
"Michigan, USA",1
Scottish NOT British ,1
Currently @SussexUni ,1
"San Francisco Bay Area, USA",1
United Federation of Planets,1
Newbury,1
Here ,1
"London, Hertfordshire & Middx ",1
"Dorset, mainly. ",1
Kingston ,1
Moireibh/D√πn D√® - Moray/Dundee,1
A class M planet,1
tokyo,1
U.S. (Ohio),1
"Plymouth, England",1
"Tottenham, London",1
Not your business.,1
"Berlin, Germany.",1
Millenial Capital,1
Worcestershire/theworld,1
South Bucks - England,1
Rotterdammer in Groningen,1
Sol III,1
"Wargrave, Berkshire",1
God's own county of Yorkshire ,1
Nationwide coverage,1
"Great Britain, United Kingdom, Sovereign State üá¨üáß",1
"Taunton, UK",1
Fylde Coast. Lancs England,1
"London,England",1
UK wide and Ireland,1
"Toronto, London, Sheffield",1
down@the end of lonely street,1
"The Woodlands, TX",1
Cwmbran South Wales,1
"Lee-on-the-Solent, England",1
"Leeds, Yorkshire",1
On my sofa throne,1
"Seaton, Devon, England",1
Occitanie,1
"Basingstoke, RG24 8WF, UK",1
On Earth !,1
"Perth, Western Australia",1
Bermondsey,1
Where you are,1
"Melbourne, Australia",1
"Dalgety Bay, Scotland",1
"Wiltshire, UK or Var, France",1
Destroying a beach somewhere,1
north east,1
"Madeira, Portugal",1
"Yorkshire, UK & Worldwide",1
Bury St Edmunds,1
"Leipzig, Halle und Jena",1
Brissle,1
"Ely, Cambridgeshire.",1
"iPhone: 41.905579,-87.686966",1
Green and Pleasant Land,1
"North Chicago, IL",1
Galway,1
Somewhere in the Good old USA!,1
Marlborough,1
Yocal,1
Puerto de Sagunto,1
Newcastle Upon Tyne,1
everywhere,1
Bekasi,1
In Transit,1
"Mulben, Scotland",1
"Fairfax, VA",1
aylesbury,1
London y Barcelona,1
nyc,1
"Oregon, USA",1
Tyrannical North,1
"Brooklyn, New York City",1
"Athens, 5th century BCE",1
Around the world,1
"Vilanova i la Geltr√∫, CAT",1
Quer√©taro,1
#BCSEvent,1
The present,1
"Wokingham, England",1
Lagos/Hertforshire/York,1
Barnet,1
From AUH to the üåç,1
"Los Santos,City 17, New Eden",1
Cookstown/Mid Ulster,1
My girls house,1
N.London,1
Calle E. Macondo,1
"Liverpool, United Kingdom",1
"Fareham, Hampshire",1
Rastatt,1
Johannesburg,1
Citizen of a Free Scotland,1
"√úT: 51.522676,-0.109526",1
"Indiana, USA",1
"Jagras Town, P5, JoJo Country",1
Frome UK & Portland (OR) US,1
Central London,1
The Great Wide Open,1
"Theale, Berkshire, UK",1
"Warwickshire, England",1
West Wales and the Valleys ,1
"Birmingham, England , ",1
"Beirut, Lebanon",1
Inverclyde,1
"Muir of Ord, Scotland",1
"Isle of Luing, Scotland",1
"Pinellas Park, FL",1
Cyprus,1
Stirling,1
Lost in England,1
"Green Mountains, Norfolk, UK",1
cerca de la solana,1
"Miami, Fl",1
"Torry, Aberdeen",1
SE1,1
York/Nottingham,1
Belgium & France,1
"Narnia, ice cold, where women's rights are frozen in time but not by a queen but a male collective",1
"Beaconsfield, England",1
south west,1
"Copenhagen, DK",1
Citizen of the world,1
Blackpool,1
"East & West Midlands, England",1
"Wargrave, England, Brussels,BE",1
Newtownabbey N. Ireland,1
Sofa+Books+Me=Bliss,1
Warsaw,1
